file_name,label
/content/drive/My Drive/AAR/dataset/train/GoodSeed/goodtrain200.png,GOOD
/content/drive/My Drive/AAR/dataset/train/GoodSeed/goodtrain201.png,GOOD
/content/drive/My Drive/AAR/dataset/train/GoodSeed/goodtrain202.png,GOOD
/content/drive/My Drive/AAR/dataset/train/GoodSeed/goodtrain203.png,GOOD
/content/drive/My Drive/AAR/dataset/train/GoodSeed/goodtrain204.png,GOOD
/content/drive/My Drive/AAR/dataset/train/GoodSeed/goodtrain205.png,GOOD
/content/drive/My Drive/AAR/dataset/train/GoodSeed/goodtrain206.png,GOOD
/content/drive/My Drive/AAR/dataset/train/GoodSeed/goodtrain207.png,GOOD
/content/drive/My Drive/AAR/dataset/train/GoodSeed/goodtrain208.png,GOOD
/content/drive/My Drive/AAR/dataset/train/GoodSeed/goodtrain209.png,GOOD
/content/drive/My Drive/AAR/dataset/train/GoodSeed/goodtrain210.png,GOOD
/content/drive/My Drive/AAR/dataset/train/GoodSeed/goodtrain211.png,GOOD
/content/drive/My Drive/AAR/dataset/train/GoodSeed/goodtrain212.png,GOOD
/content/drive/My Drive/AAR/dataset/train/GoodSeed/goodtrain213.png,GOOD
/content/drive/My Drive/AAR/dataset/train/GoodSeed/goodtrain214.png,GOOD
/content/drive/My Drive/AAR/dataset/train/GoodSeed/goodtrain215.png,GOOD
/content/drive/My Drive/AAR/dataset/train/GoodSeed/goodtrain216.png,GOOD
/content/drive/My Drive/AAR/dataset/train/GoodSeed/goodtrain217.png,GOOD
/content/drive/My Drive/AAR/dataset/train/GoodSeed/goodtrain218.png,GOOD
/content/drive/My Drive/AAR/dataset/train/GoodSeed/goodtrain219.png,GOOD
/content/drive/My Drive/AAR/dataset/train/GoodSeed/goodtrain220.png,GOOD
/content/drive/My Drive/AAR/dataset/train/GoodSeed/goodtrain221.png,GOOD
/content/drive/My Drive/AAR/dataset/train/GoodSeed/goodtrain222.png,GOOD
/content/drive/My Drive/AAR/dataset/train/GoodSeed/goodtrain223.png,GOOD
/content/drive/My Drive/AAR/dataset/train/GoodSeed/goodtrain224.png,GOOD
/content/drive/My Drive/AAR/dataset/train/GoodSeed/goodtrain225.png,GOOD
/content/drive/My Drive/AAR/dataset/train/GoodSeed/goodtrain226.png,GOOD
/content/drive/My Drive/AAR/dataset/train/GoodSeed/goodtrain227.png,GOOD
/content/drive/My Drive/AAR/dataset/train/GoodSeed/goodtrain228.png,GOOD
/content/drive/My Drive/AAR/dataset/train/GoodSeed/goodtrain229.png,GOOD
/content/drive/My Drive/AAR/dataset/train/GoodSeed/goodtrain230.png,GOOD
/content/drive/My Drive/AAR/dataset/train/GoodSeed/goodtrain231.png,GOOD
/content/drive/My Drive/AAR/dataset/train/GoodSeed/goodtrain232.png,GOOD
/content/drive/My Drive/AAR/dataset/train/GoodSeed/goodtrain233.png,GOOD
/content/drive/My Drive/AAR/dataset/train/GoodSeed/goodtrain234.png,GOOD
/content/drive/My Drive/AAR/dataset/train/GoodSeed/goodtrain235.png,GOOD
/content/drive/My Drive/AAR/dataset/train/GoodSeed/goodtrain236.png,GOOD
/content/drive/My Drive/AAR/dataset/train/GoodSeed/goodtrain237.png,GOOD
/content/drive/My Drive/AAR/dataset/train/GoodSeed/goodtrain238.png,GOOD
/content/drive/My Drive/AAR/dataset/train/GoodSeed/goodtrain239.png,GOOD
/content/drive/My Drive/AAR/dataset/train/GoodSeed/goodtrain240.png,GOOD
/content/drive/My Drive/AAR/dataset/train/GoodSeed/goodtrain241.png,GOOD
/content/drive/My Drive/AAR/dataset/train/GoodSeed/goodtrain242.png,GOOD
/content/drive/My Drive/AAR/dataset/train/GoodSeed/goodtrain243.png,GOOD
/content/drive/My Drive/AAR/dataset/train/GoodSeed/goodtrain244.png,GOOD
/content/drive/My Drive/AAR/dataset/train/GoodSeed/goodtrain245.png,GOOD
/content/drive/My Drive/AAR/dataset/train/GoodSeed/goodtrain246.png,GOOD
/content/drive/My Drive/AAR/dataset/train/GoodSeed/goodtrain247.png,GOOD
/content/drive/My Drive/AAR/dataset/train/GoodSeed/goodtrain248.png,GOOD
/content/drive/My Drive/AAR/dataset/train/GoodSeed/goodtrain249.png,GOOD
/content/drive/My Drive/AAR/dataset/train/GoodSeed/goodtrain250.png,GOOD
/content/drive/My Drive/AAR/dataset/train/GoodSeed/goodtrain251.png,GOOD
/content/drive/My Drive/AAR/dataset/train/GoodSeed/goodtrain252.png,GOOD
/content/drive/My Drive/AAR/dataset/train/GoodSeed/goodtrain253.png,GOOD
/content/drive/My Drive/AAR/dataset/train/GoodSeed/goodtrain254.png,GOOD
/content/drive/My Drive/AAR/dataset/train/GoodSeed/goodtrain255.png,GOOD
/content/drive/My Drive/AAR/dataset/train/GoodSeed/goodtrain256.png,GOOD
/content/drive/My Drive/AAR/dataset/train/GoodSeed/goodtrain257.png,GOOD
/content/drive/My Drive/AAR/dataset/train/GoodSeed/goodtrain258.png,GOOD
/content/drive/My Drive/AAR/dataset/train/GoodSeed/goodtrain259.png,GOOD
/content/drive/My Drive/AAR/dataset/train/GoodSeed/goodtrain260.png,GOOD
/content/drive/My Drive/AAR/dataset/train/GoodSeed/goodtrain261.png,GOOD
/content/drive/My Drive/AAR/dataset/train/GoodSeed/goodtrain262.png,GOOD
/content/drive/My Drive/AAR/dataset/train/GoodSeed/goodtrain263.png,GOOD
/content/drive/My Drive/AAR/dataset/train/GoodSeed/goodtrain264.png,GOOD
/content/drive/My Drive/AAR/dataset/train/GoodSeed/goodtrain265.png,GOOD
/content/drive/My Drive/AAR/dataset/train/GoodSeed/goodtrain266.png,GOOD
/content/drive/My Drive/AAR/dataset/train/GoodSeed/goodtrain267.png,GOOD
/content/drive/My Drive/AAR/dataset/train/GoodSeed/goodtrain268.png,GOOD
/content/drive/My Drive/AAR/dataset/train/GoodSeed/goodtrain269.png,GOOD
/content/drive/My Drive/AAR/dataset/train/GoodSeed/goodtrain270.png,GOOD
/content/drive/My Drive/AAR/dataset/train/GoodSeed/goodtrain271.png,GOOD
/content/drive/My Drive/AAR/dataset/train/GoodSeed/goodtrain272.png,GOOD
/content/drive/My Drive/AAR/dataset/train/GoodSeed/goodtrain273.png,GOOD
/content/drive/My Drive/AAR/dataset/train/GoodSeed/goodtrain274.png,GOOD
/content/drive/My Drive/AAR/dataset/train/GoodSeed/goodtrain275.png,GOOD
/content/drive/My Drive/AAR/dataset/train/GoodSeed/goodtrain276.png,GOOD
/content/drive/My Drive/AAR/dataset/train/GoodSeed/goodtrain277.png,GOOD
/content/drive/My Drive/AAR/dataset/train/GoodSeed/goodtrain278.png,GOOD
/content/drive/My Drive/AAR/dataset/train/GoodSeed/goodtrain279.png,GOOD
/content/drive/My Drive/AAR/dataset/train/GoodSeed/goodtrain280.png,GOOD
/content/drive/My Drive/AAR/dataset/train/GoodSeed/goodtrain281.png,GOOD
/content/drive/My Drive/AAR/dataset/train/GoodSeed/goodtrain282.png,GOOD
/content/drive/My Drive/AAR/dataset/train/GoodSeed/goodtrain283.png,GOOD
/content/drive/My Drive/AAR/dataset/train/GoodSeed/goodtrain284.png,GOOD
/content/drive/My Drive/AAR/dataset/train/GoodSeed/goodtrain285.png,GOOD
/content/drive/My Drive/AAR/dataset/train/GoodSeed/goodtrain286.png,GOOD
/content/drive/My Drive/AAR/dataset/train/GoodSeed/goodtrain287.png,GOOD
/content/drive/My Drive/AAR/dataset/train/GoodSeed/goodtrain288.png,GOOD
/content/drive/My Drive/AAR/dataset/train/GoodSeed/goodtrain289.png,GOOD
/content/drive/My Drive/AAR/dataset/train/GoodSeed/goodtrain290.png,GOOD
/content/drive/My Drive/AAR/dataset/train/GoodSeed/goodtrain291.png,GOOD
/content/drive/My Drive/AAR/dataset/train/GoodSeed/goodtrain292.png,GOOD
/content/drive/My Drive/AAR/dataset/train/GoodSeed/goodtrain293.png,GOOD
/content/drive/My Drive/AAR/dataset/train/GoodSeed/goodtrain294.png,GOOD
/content/drive/My Drive/AAR/dataset/train/GoodSeed/goodtrain295.png,GOOD
/content/drive/My Drive/AAR/dataset/train/GoodSeed/goodtrain296.png,GOOD
/content/drive/My Drive/AAR/dataset/train/GoodSeed/goodtrain297.png,GOOD
/content/drive/My Drive/AAR/dataset/train/GoodSeed/goodtrain298.png,GOOD
/content/drive/My Drive/AAR/dataset/train/GoodSeed/goodtrain299.png,GOOD
/content/drive/My Drive/AAR/dataset/train/GoodSeed/goodtrain300.png,GOOD
/content/drive/My Drive/AAR/dataset/train/GoodSeed/goodtrain301.png,GOOD
/content/drive/My Drive/AAR/dataset/train/GoodSeed/goodtrain302.png,GOOD
/content/drive/My Drive/AAR/dataset/train/GoodSeed/goodtrain303.png,GOOD
/content/drive/My Drive/AAR/dataset/train/GoodSeed/goodtrain304.png,GOOD
/content/drive/My Drive/AAR/dataset/train/GoodSeed/goodtrain305.png,GOOD
/content/drive/My Drive/AAR/dataset/train/GoodSeed/goodtrain306.png,GOOD
/content/drive/My Drive/AAR/dataset/train/GoodSeed/goodtrain307.png,GOOD
/content/drive/My Drive/AAR/dataset/train/GoodSeed/goodtrain308.png,GOOD
/content/drive/My Drive/AAR/dataset/train/GoodSeed/goodtrain309.png,GOOD
/content/drive/My Drive/AAR/dataset/train/GoodSeed/goodtrain310.png,GOOD
/content/drive/My Drive/AAR/dataset/train/GoodSeed/goodtrain311.png,GOOD
/content/drive/My Drive/AAR/dataset/train/GoodSeed/goodtrain312.png,GOOD
/content/drive/My Drive/AAR/dataset/train/GoodSeed/goodtrain313.png,GOOD
/content/drive/My Drive/AAR/dataset/train/GoodSeed/goodtrain314.png,GOOD
/content/drive/My Drive/AAR/dataset/train/GoodSeed/goodtrain315.png,GOOD
/content/drive/My Drive/AAR/dataset/train/GoodSeed/goodtrain316.png,GOOD
/content/drive/My Drive/AAR/dataset/train/GoodSeed/goodtrain317.png,GOOD
/content/drive/My Drive/AAR/dataset/train/GoodSeed/goodtrain318.png,GOOD
/content/drive/My Drive/AAR/dataset/train/GoodSeed/goodtrain319.png,GOOD
/content/drive/My Drive/AAR/dataset/train/GoodSeed/goodtrain320.png,GOOD
/content/drive/My Drive/AAR/dataset/train/GoodSeed/goodtrain321.png,GOOD
/content/drive/My Drive/AAR/dataset/train/GoodSeed/goodtrain322.png,GOOD
/content/drive/My Drive/AAR/dataset/train/GoodSeed/goodtrain323.png,GOOD
/content/drive/My Drive/AAR/dataset/train/GoodSeed/goodtrain324.png,GOOD
/content/drive/My Drive/AAR/dataset/train/GoodSeed/goodtrain325.png,GOOD
/content/drive/My Drive/AAR/dataset/train/GoodSeed/goodtrain326.png,GOOD
/content/drive/My Drive/AAR/dataset/train/GoodSeed/goodtrain327.png,GOOD
/content/drive/My Drive/AAR/dataset/train/GoodSeed/goodtrain328.png,GOOD
/content/drive/My Drive/AAR/dataset/train/GoodSeed/goodtrain329.png,GOOD
/content/drive/My Drive/AAR/dataset/train/GoodSeed/goodtrain330.png,GOOD
/content/drive/My Drive/AAR/dataset/train/GoodSeed/goodtrain331.png,GOOD
/content/drive/My Drive/AAR/dataset/train/GoodSeed/goodtrain332.png,GOOD
/content/drive/My Drive/AAR/dataset/train/GoodSeed/goodtrain333.png,GOOD
/content/drive/My Drive/AAR/dataset/train/GoodSeed/goodtrain334.png,GOOD
/content/drive/My Drive/AAR/dataset/train/GoodSeed/goodtrain335.png,GOOD
/content/drive/My Drive/AAR/dataset/train/GoodSeed/goodtrain336.png,GOOD
/content/drive/My Drive/AAR/dataset/train/GoodSeed/goodtrain337.png,GOOD
/content/drive/My Drive/AAR/dataset/train/GoodSeed/goodtrain338.png,GOOD
/content/drive/My Drive/AAR/dataset/train/GoodSeed/goodtrain339.png,GOOD
/content/drive/My Drive/AAR/dataset/train/GoodSeed/goodtrain340.png,GOOD
/content/drive/My Drive/AAR/dataset/train/GoodSeed/goodtrain341.png,GOOD
/content/drive/My Drive/AAR/dataset/train/GoodSeed/goodtrain342.png,GOOD
/content/drive/My Drive/AAR/dataset/train/GoodSeed/goodtrain343.png,GOOD
/content/drive/My Drive/AAR/dataset/train/GoodSeed/goodtrain344.png,GOOD
/content/drive/My Drive/AAR/dataset/train/GoodSeed/goodtrain345.png,GOOD
/content/drive/My Drive/AAR/dataset/train/GoodSeed/goodtrain346.png,GOOD
/content/drive/My Drive/AAR/dataset/train/GoodSeed/goodtrain347.png,GOOD
/content/drive/My Drive/AAR/dataset/train/GoodSeed/goodtrain348.png,GOOD
/content/drive/My Drive/AAR/dataset/train/GoodSeed/goodtrain349.png,GOOD
/content/drive/My Drive/AAR/dataset/train/GoodSeed/goodtrain350.png,GOOD
/content/drive/My Drive/AAR/dataset/train/GoodSeed/goodtrain351.png,GOOD
/content/drive/My Drive/AAR/dataset/train/GoodSeed/goodtrain352.png,GOOD
/content/drive/My Drive/AAR/dataset/train/GoodSeed/goodtrain353.png,GOOD
/content/drive/My Drive/AAR/dataset/train/GoodSeed/goodtrain354.png,GOOD
/content/drive/My Drive/AAR/dataset/train/GoodSeed/goodtrain355.png,GOOD
/content/drive/My Drive/AAR/dataset/train/GoodSeed/goodtrain356.png,GOOD
/content/drive/My Drive/AAR/dataset/train/GoodSeed/goodtrain357.png,GOOD
/content/drive/My Drive/AAR/dataset/train/GoodSeed/goodtrain358.png,GOOD
/content/drive/My Drive/AAR/dataset/train/GoodSeed/goodtrain359.png,GOOD
/content/drive/My Drive/AAR/dataset/train/GoodSeed/goodtrain360.png,GOOD
/content/drive/My Drive/AAR/dataset/train/GoodSeed/goodtrain361.png,GOOD
/content/drive/My Drive/AAR/dataset/train/GoodSeed/goodtrain362.png,GOOD
/content/drive/My Drive/AAR/dataset/train/GoodSeed/goodtrain363.png,GOOD
/content/drive/My Drive/AAR/dataset/train/GoodSeed/goodtrain364.png,GOOD
/content/drive/My Drive/AAR/dataset/train/GoodSeed/goodtrain365.png,GOOD
/content/drive/My Drive/AAR/dataset/train/GoodSeed/goodtrain366.png,GOOD
/content/drive/My Drive/AAR/dataset/train/GoodSeed/goodtrain367.png,GOOD
/content/drive/My Drive/AAR/dataset/train/GoodSeed/goodtrain368.png,GOOD
/content/drive/My Drive/AAR/dataset/train/GoodSeed/goodtrain369.png,GOOD
/content/drive/My Drive/AAR/dataset/train/GoodSeed/goodtrain370.png,GOOD
/content/drive/My Drive/AAR/dataset/train/GoodSeed/goodtrain371.png,GOOD
/content/drive/My Drive/AAR/dataset/train/GoodSeed/goodtrain372.png,GOOD
/content/drive/My Drive/AAR/dataset/train/GoodSeed/goodtrain373.png,GOOD
/content/drive/My Drive/AAR/dataset/train/GoodSeed/goodtrain374.png,GOOD
/content/drive/My Drive/AAR/dataset/train/GoodSeed/goodtrain375.png,GOOD
/content/drive/My Drive/AAR/dataset/train/GoodSeed/goodtrain376.png,GOOD
/content/drive/My Drive/AAR/dataset/train/GoodSeed/goodtrain377.png,GOOD
/content/drive/My Drive/AAR/dataset/train/GoodSeed/goodtrain378.png,GOOD
/content/drive/My Drive/AAR/dataset/train/GoodSeed/goodtrain379.png,GOOD
/content/drive/My Drive/AAR/dataset/train/GoodSeed/goodtrain380.png,GOOD
/content/drive/My Drive/AAR/dataset/train/GoodSeed/goodtrain381.png,GOOD
/content/drive/My Drive/AAR/dataset/train/GoodSeed/goodtrain382.png,GOOD
/content/drive/My Drive/AAR/dataset/train/GoodSeed/goodtrain383.png,GOOD
/content/drive/My Drive/AAR/dataset/train/GoodSeed/goodtrain384.png,GOOD
/content/drive/My Drive/AAR/dataset/train/GoodSeed/goodtrain385.png,GOOD
/content/drive/My Drive/AAR/dataset/train/GoodSeed/goodtrain386.png,GOOD
/content/drive/My Drive/AAR/dataset/train/GoodSeed/goodtrain387.png,GOOD
/content/drive/My Drive/AAR/dataset/train/GoodSeed/goodtrain388.png,GOOD
/content/drive/My Drive/AAR/dataset/train/GoodSeed/goodtrain389.png,GOOD
/content/drive/My Drive/AAR/dataset/train/GoodSeed/goodtrain390.png,GOOD
/content/drive/My Drive/AAR/dataset/train/GoodSeed/goodtrain391.png,GOOD
/content/drive/My Drive/AAR/dataset/train/GoodSeed/goodtrain392.png,GOOD
/content/drive/My Drive/AAR/dataset/train/GoodSeed/goodtrain393.png,GOOD
/content/drive/My Drive/AAR/dataset/train/GoodSeed/goodtrain394.png,GOOD
/content/drive/My Drive/AAR/dataset/train/GoodSeed/goodtrain395.png,GOOD
/content/drive/My Drive/AAR/dataset/train/GoodSeed/goodtrain396.png,GOOD
/content/drive/My Drive/AAR/dataset/train/GoodSeed/goodtrain397.png,GOOD
/content/drive/My Drive/AAR/dataset/train/GoodSeed/goodtrain398.png,GOOD
/content/drive/My Drive/AAR/dataset/train/GoodSeed/goodtrain399.png,GOOD
/content/drive/My Drive/AAR/dataset/train/GoodSeed/goodtrain400.png,GOOD
/content/drive/My Drive/AAR/dataset/train/GoodSeed/goodtrain401.png,GOOD
/content/drive/My Drive/AAR/dataset/train/GoodSeed/goodtrain402.png,GOOD
/content/drive/My Drive/AAR/dataset/train/GoodSeed/goodtrain403.png,GOOD
/content/drive/My Drive/AAR/dataset/train/GoodSeed/goodtrain404.png,GOOD
/content/drive/My Drive/AAR/dataset/train/GoodSeed/goodtrain405.png,GOOD
/content/drive/My Drive/AAR/dataset/train/GoodSeed/goodtrain406.png,GOOD
/content/drive/My Drive/AAR/dataset/train/GoodSeed/goodtrain407.png,GOOD
/content/drive/My Drive/AAR/dataset/train/GoodSeed/goodtrain408.png,GOOD
/content/drive/My Drive/AAR/dataset/train/GoodSeed/goodtrain409.png,GOOD
/content/drive/My Drive/AAR/dataset/train/GoodSeed/goodtrain410.png,GOOD
/content/drive/My Drive/AAR/dataset/train/GoodSeed/goodtrain411.png,GOOD
/content/drive/My Drive/AAR/dataset/train/GoodSeed/goodtrain412.png,GOOD
/content/drive/My Drive/AAR/dataset/train/GoodSeed/goodtrain413.png,GOOD
/content/drive/My Drive/AAR/dataset/train/GoodSeed/goodtrain414.png,GOOD
/content/drive/My Drive/AAR/dataset/train/GoodSeed/goodtrain415.png,GOOD
/content/drive/My Drive/AAR/dataset/train/GoodSeed/goodtrain416.png,GOOD
/content/drive/My Drive/AAR/dataset/train/GoodSeed/goodtrain417.png,GOOD
/content/drive/My Drive/AAR/dataset/train/GoodSeed/goodtrain418.png,GOOD
/content/drive/My Drive/AAR/dataset/train/GoodSeed/goodtrain419.png,GOOD
/content/drive/My Drive/AAR/dataset/train/GoodSeed/goodtrain420.png,GOOD
/content/drive/My Drive/AAR/dataset/train/GoodSeed/goodtrain421.png,GOOD
/content/drive/My Drive/AAR/dataset/train/GoodSeed/goodtrain422.png,GOOD
/content/drive/My Drive/AAR/dataset/train/GoodSeed/goodtrain423.png,GOOD
/content/drive/My Drive/AAR/dataset/train/GoodSeed/goodtrain424.png,GOOD
/content/drive/My Drive/AAR/dataset/train/GoodSeed/goodtrain425.png,GOOD
/content/drive/My Drive/AAR/dataset/train/GoodSeed/goodtrain426.png,GOOD
/content/drive/My Drive/AAR/dataset/train/GoodSeed/goodtrain427.png,GOOD
/content/drive/My Drive/AAR/dataset/train/GoodSeed/goodtrain428.png,GOOD
/content/drive/My Drive/AAR/dataset/train/GoodSeed/goodtrain429.png,GOOD
/content/drive/My Drive/AAR/dataset/train/GoodSeed/goodtrain430.png,GOOD
/content/drive/My Drive/AAR/dataset/train/GoodSeed/goodtrain431.png,GOOD
/content/drive/My Drive/AAR/dataset/train/GoodSeed/goodtrain432.png,GOOD
/content/drive/My Drive/AAR/dataset/train/GoodSeed/goodtrain433.png,GOOD
/content/drive/My Drive/AAR/dataset/train/GoodSeed/goodtrain434.png,GOOD
/content/drive/My Drive/AAR/dataset/train/GoodSeed/goodtrain435.png,GOOD
/content/drive/My Drive/AAR/dataset/train/GoodSeed/goodtrain436.png,GOOD
/content/drive/My Drive/AAR/dataset/train/GoodSeed/goodtrain437.png,GOOD
/content/drive/My Drive/AAR/dataset/train/GoodSeed/goodtrain438.png,GOOD
/content/drive/My Drive/AAR/dataset/train/GoodSeed/goodtrain439.png,GOOD
/content/drive/My Drive/AAR/dataset/train/GoodSeed/goodtrain440.png,GOOD
/content/drive/My Drive/AAR/dataset/train/GoodSeed/goodtrain441.png,GOOD
/content/drive/My Drive/AAR/dataset/train/GoodSeed/goodtrain442.png,GOOD
/content/drive/My Drive/AAR/dataset/train/GoodSeed/goodtrain443.png,GOOD
/content/drive/My Drive/AAR/dataset/train/GoodSeed/goodtrain444.png,GOOD
/content/drive/My Drive/AAR/dataset/train/GoodSeed/goodtrain445.png,GOOD
/content/drive/My Drive/AAR/dataset/train/GoodSeed/goodtrain446.png,GOOD
/content/drive/My Drive/AAR/dataset/train/GoodSeed/goodtrain447.png,GOOD
/content/drive/My Drive/AAR/dataset/train/GoodSeed/goodtrain448.png,GOOD
/content/drive/My Drive/AAR/dataset/train/GoodSeed/goodtrain449.png,GOOD
/content/drive/My Drive/AAR/dataset/train/GoodSeed/goodtrain450.png,GOOD
/content/drive/My Drive/AAR/dataset/train/GoodSeed/goodtrain451.png,GOOD
/content/drive/My Drive/AAR/dataset/train/GoodSeed/goodtrain452.png,GOOD
/content/drive/My Drive/AAR/dataset/train/GoodSeed/goodtrain453.png,GOOD
/content/drive/My Drive/AAR/dataset/train/GoodSeed/goodtrain454.png,GOOD
/content/drive/My Drive/AAR/dataset/train/GoodSeed/goodtrain455.png,GOOD
/content/drive/My Drive/AAR/dataset/train/GoodSeed/goodtrain456.png,GOOD
/content/drive/My Drive/AAR/dataset/train/GoodSeed/goodtrain457.png,GOOD
/content/drive/My Drive/AAR/dataset/train/GoodSeed/goodtrain458.png,GOOD
/content/drive/My Drive/AAR/dataset/train/GoodSeed/goodtrain459.png,GOOD
/content/drive/My Drive/AAR/dataset/train/GoodSeed/goodtrain460.png,GOOD
/content/drive/My Drive/AAR/dataset/train/GoodSeed/goodtrain461.png,GOOD
/content/drive/My Drive/AAR/dataset/train/GoodSeed/goodtrain462.png,GOOD
/content/drive/My Drive/AAR/dataset/train/GoodSeed/goodtrain463.png,GOOD
/content/drive/My Drive/AAR/dataset/train/GoodSeed/goodtrain464.png,GOOD
/content/drive/My Drive/AAR/dataset/train/GoodSeed/goodtrain465.png,GOOD
/content/drive/My Drive/AAR/dataset/train/GoodSeed/goodtrain466.png,GOOD
/content/drive/My Drive/AAR/dataset/train/GoodSeed/goodtrain467.png,GOOD
/content/drive/My Drive/AAR/dataset/train/GoodSeed/goodtrain468.png,GOOD
/content/drive/My Drive/AAR/dataset/train/GoodSeed/goodtrain469.png,GOOD
/content/drive/My Drive/AAR/dataset/train/GoodSeed/goodtrain470.png,GOOD
/content/drive/My Drive/AAR/dataset/train/GoodSeed/goodtrain471.png,GOOD
/content/drive/My Drive/AAR/dataset/train/GoodSeed/goodtrain472.png,GOOD
/content/drive/My Drive/AAR/dataset/train/GoodSeed/goodtrain473.png,GOOD
/content/drive/My Drive/AAR/dataset/train/GoodSeed/goodtrain474.png,GOOD
/content/drive/My Drive/AAR/dataset/train/GoodSeed/goodtrain475.png,GOOD
/content/drive/My Drive/AAR/dataset/train/GoodSeed/goodtrain476.png,GOOD
/content/drive/My Drive/AAR/dataset/train/GoodSeed/goodtrain477.png,GOOD
/content/drive/My Drive/AAR/dataset/train/GoodSeed/goodtrain478.png,GOOD
/content/drive/My Drive/AAR/dataset/train/GoodSeed/goodtrain479.png,GOOD
/content/drive/My Drive/AAR/dataset/train/GoodSeed/goodtrain480.png,GOOD
/content/drive/My Drive/AAR/dataset/train/GoodSeed/goodtrain481.png,GOOD
/content/drive/My Drive/AAR/dataset/train/GoodSeed/goodtrain482.png,GOOD
/content/drive/My Drive/AAR/dataset/train/GoodSeed/goodtrain483.png,GOOD
/content/drive/My Drive/AAR/dataset/train/GoodSeed/goodtrain484.png,GOOD
/content/drive/My Drive/AAR/dataset/train/GoodSeed/goodtrain485.png,GOOD
/content/drive/My Drive/AAR/dataset/train/GoodSeed/goodtrain486.png,GOOD
/content/drive/My Drive/AAR/dataset/train/GoodSeed/goodtrain487.png,GOOD
/content/drive/My Drive/AAR/dataset/train/GoodSeed/goodtrain488.png,GOOD
/content/drive/My Drive/AAR/dataset/train/GoodSeed/goodtrain489.png,GOOD
/content/drive/My Drive/AAR/dataset/train/GoodSeed/goodtrain490.png,GOOD
/content/drive/My Drive/AAR/dataset/train/GoodSeed/goodtrain491.png,GOOD
/content/drive/My Drive/AAR/dataset/train/GoodSeed/goodtrain492.png,GOOD
/content/drive/My Drive/AAR/dataset/train/GoodSeed/goodtrain493.png,GOOD
/content/drive/My Drive/AAR/dataset/train/GoodSeed/goodtrain494.png,GOOD
/content/drive/My Drive/AAR/dataset/train/GoodSeed/goodtrain495.png,GOOD
/content/drive/My Drive/AAR/dataset/train/GoodSeed/goodtrain496.png,GOOD
/content/drive/My Drive/AAR/dataset/train/GoodSeed/goodtrain497.png,GOOD
/content/drive/My Drive/AAR/dataset/train/GoodSeed/goodtrain498.png,GOOD
/content/drive/My Drive/AAR/dataset/train/GoodSeed/goodtrain499.png,GOOD
/content/drive/My Drive/AAR/dataset/train/GoodSeed/goodtrain500.png,GOOD
/content/drive/My Drive/AAR/dataset/train/GoodSeed/goodtrain501.png,GOOD
/content/drive/My Drive/AAR/dataset/train/GoodSeed/goodtrain502.png,GOOD
/content/drive/My Drive/AAR/dataset/train/GoodSeed/goodtrain503.png,GOOD
/content/drive/My Drive/AAR/dataset/train/GoodSeed/goodtrain504.png,GOOD
/content/drive/My Drive/AAR/dataset/train/GoodSeed/goodtrain505.png,GOOD
/content/drive/My Drive/AAR/dataset/train/GoodSeed/goodtrain506.png,GOOD
/content/drive/My Drive/AAR/dataset/train/GoodSeed/goodtrain507.png,GOOD
/content/drive/My Drive/AAR/dataset/train/GoodSeed/goodtrain508.png,GOOD
/content/drive/My Drive/AAR/dataset/train/GoodSeed/goodtrain509.png,GOOD
/content/drive/My Drive/AAR/dataset/train/GoodSeed/goodtrain510.png,GOOD
/content/drive/My Drive/AAR/dataset/train/GoodSeed/goodtrain511.png,GOOD
/content/drive/My Drive/AAR/dataset/train/GoodSeed/goodtrain512.png,GOOD
/content/drive/My Drive/AAR/dataset/train/GoodSeed/goodtrain513.png,GOOD
/content/drive/My Drive/AAR/dataset/train/GoodSeed/goodtrain514.png,GOOD
/content/drive/My Drive/AAR/dataset/train/GoodSeed/goodtrain515.png,GOOD
/content/drive/My Drive/AAR/dataset/train/GoodSeed/goodtrain516.png,GOOD
/content/drive/My Drive/AAR/dataset/train/GoodSeed/goodtrain517.png,GOOD
/content/drive/My Drive/AAR/dataset/train/GoodSeed/goodtrain518.png,GOOD
/content/drive/My Drive/AAR/dataset/train/GoodSeed/goodtrain519.png,GOOD
/content/drive/My Drive/AAR/dataset/train/GoodSeed/goodtrain520.png,GOOD
/content/drive/My Drive/AAR/dataset/train/GoodSeed/goodtrain521.png,GOOD
/content/drive/My Drive/AAR/dataset/train/GoodSeed/goodtrain522.png,GOOD
/content/drive/My Drive/AAR/dataset/train/GoodSeed/goodtrain523.png,GOOD
/content/drive/My Drive/AAR/dataset/train/GoodSeed/goodtrain524.png,GOOD
/content/drive/My Drive/AAR/dataset/train/GoodSeed/goodtrain525.png,GOOD
/content/drive/My Drive/AAR/dataset/train/GoodSeed/goodtrain526.png,GOOD
/content/drive/My Drive/AAR/dataset/train/GoodSeed/goodtrain527.png,GOOD
/content/drive/My Drive/AAR/dataset/train/GoodSeed/goodtrain528.png,GOOD
/content/drive/My Drive/AAR/dataset/train/GoodSeed/goodtrain529.png,GOOD
/content/drive/My Drive/AAR/dataset/train/GoodSeed/goodtrain530.png,GOOD
/content/drive/My Drive/AAR/dataset/train/GoodSeed/goodtrain531.png,GOOD
/content/drive/My Drive/AAR/dataset/train/GoodSeed/goodtrain532.png,GOOD
/content/drive/My Drive/AAR/dataset/train/GoodSeed/goodtrain533.png,GOOD
/content/drive/My Drive/AAR/dataset/train/GoodSeed/goodtrain534.png,GOOD
/content/drive/My Drive/AAR/dataset/train/GoodSeed/goodtrain535.png,GOOD
/content/drive/My Drive/AAR/dataset/train/GoodSeed/goodtrain536.png,GOOD
/content/drive/My Drive/AAR/dataset/train/GoodSeed/goodtrain537.png,GOOD
/content/drive/My Drive/AAR/dataset/train/GoodSeed/goodtrain538.png,GOOD
/content/drive/My Drive/AAR/dataset/train/GoodSeed/goodtrain539.png,GOOD
/content/drive/My Drive/AAR/dataset/train/GoodSeed/goodtrain540.png,GOOD
/content/drive/My Drive/AAR/dataset/train/GoodSeed/goodtrain541.png,GOOD
/content/drive/My Drive/AAR/dataset/train/GoodSeed/goodtrain542.png,GOOD
/content/drive/My Drive/AAR/dataset/train/GoodSeed/goodtrain543.png,GOOD
/content/drive/My Drive/AAR/dataset/train/GoodSeed/goodtrain544.png,GOOD
/content/drive/My Drive/AAR/dataset/train/GoodSeed/goodtrain545.png,GOOD
/content/drive/My Drive/AAR/dataset/train/GoodSeed/goodtrain546.png,GOOD
/content/drive/My Drive/AAR/dataset/train/GoodSeed/goodtrain547.png,GOOD
/content/drive/My Drive/AAR/dataset/train/GoodSeed/goodtrain548.png,GOOD
/content/drive/My Drive/AAR/dataset/train/GoodSeed/goodtrain549.png,GOOD
/content/drive/My Drive/AAR/dataset/train/GoodSeed/goodtrain550.png,GOOD
/content/drive/My Drive/AAR/dataset/train/GoodSeed/goodtrain551.png,GOOD
/content/drive/My Drive/AAR/dataset/train/GoodSeed/goodtrain552.png,GOOD
/content/drive/My Drive/AAR/dataset/train/GoodSeed/goodtrain553.png,GOOD
/content/drive/My Drive/AAR/dataset/train/GoodSeed/goodtrain554.png,GOOD
/content/drive/My Drive/AAR/dataset/train/GoodSeed/goodtrain555.png,GOOD
/content/drive/My Drive/AAR/dataset/train/GoodSeed/goodtrain556.png,GOOD
/content/drive/My Drive/AAR/dataset/train/GoodSeed/goodtrain557.png,GOOD
/content/drive/My Drive/AAR/dataset/train/GoodSeed/goodtrain558.png,GOOD
/content/drive/My Drive/AAR/dataset/train/GoodSeed/goodtrain559.png,GOOD
/content/drive/My Drive/AAR/dataset/train/GoodSeed/goodtrain560.png,GOOD
/content/drive/My Drive/AAR/dataset/train/GoodSeed/goodtrain561.png,GOOD
/content/drive/My Drive/AAR/dataset/train/GoodSeed/goodtrain562.png,GOOD
/content/drive/My Drive/AAR/dataset/train/GoodSeed/goodtrain563.png,GOOD
/content/drive/My Drive/AAR/dataset/train/GoodSeed/goodtrain564.png,GOOD
/content/drive/My Drive/AAR/dataset/train/GoodSeed/goodtrain565.png,GOOD
/content/drive/My Drive/AAR/dataset/train/GoodSeed/goodtrain566.png,GOOD
/content/drive/My Drive/AAR/dataset/train/GoodSeed/goodtrain567.png,GOOD
/content/drive/My Drive/AAR/dataset/train/GoodSeed/goodtrain568.png,GOOD
/content/drive/My Drive/AAR/dataset/train/GoodSeed/goodtrain569.png,GOOD
/content/drive/My Drive/AAR/dataset/train/GoodSeed/goodtrain570.png,GOOD
/content/drive/My Drive/AAR/dataset/train/GoodSeed/goodtrain571.png,GOOD
/content/drive/My Drive/AAR/dataset/train/GoodSeed/goodtrain572.png,GOOD
/content/drive/My Drive/AAR/dataset/train/GoodSeed/goodtrain573.png,GOOD
/content/drive/My Drive/AAR/dataset/train/GoodSeed/goodtrain574.png,GOOD
/content/drive/My Drive/AAR/dataset/train/GoodSeed/goodtrain575.png,GOOD
/content/drive/My Drive/AAR/dataset/train/GoodSeed/goodtrain576.png,GOOD
/content/drive/My Drive/AAR/dataset/train/GoodSeed/goodtrain577.png,GOOD
/content/drive/My Drive/AAR/dataset/train/GoodSeed/goodtrain578.png,GOOD
/content/drive/My Drive/AAR/dataset/train/GoodSeed/goodtrain579.png,GOOD
/content/drive/My Drive/AAR/dataset/train/GoodSeed/goodtrain580.png,GOOD
/content/drive/My Drive/AAR/dataset/train/GoodSeed/goodtrain581.png,GOOD
/content/drive/My Drive/AAR/dataset/train/GoodSeed/goodtrain582.png,GOOD
/content/drive/My Drive/AAR/dataset/train/GoodSeed/goodtrain583.png,GOOD
/content/drive/My Drive/AAR/dataset/train/GoodSeed/goodtrain584.png,GOOD
/content/drive/My Drive/AAR/dataset/train/GoodSeed/goodtrain585.png,GOOD
/content/drive/My Drive/AAR/dataset/train/GoodSeed/goodtrain586.png,GOOD
/content/drive/My Drive/AAR/dataset/train/GoodSeed/goodtrain587.png,GOOD
/content/drive/My Drive/AAR/dataset/train/GoodSeed/goodtrain588.png,GOOD
/content/drive/My Drive/AAR/dataset/train/GoodSeed/goodtrain589.png,GOOD
/content/drive/My Drive/AAR/dataset/train/GoodSeed/goodtrain590.png,GOOD
/content/drive/My Drive/AAR/dataset/train/GoodSeed/goodtrain591.png,GOOD
/content/drive/My Drive/AAR/dataset/train/GoodSeed/goodtrain592.png,GOOD
/content/drive/My Drive/AAR/dataset/train/GoodSeed/goodtrain593.png,GOOD
/content/drive/My Drive/AAR/dataset/train/GoodSeed/goodtrain594.png,GOOD
/content/drive/My Drive/AAR/dataset/train/GoodSeed/goodtrain595.png,GOOD
/content/drive/My Drive/AAR/dataset/train/GoodSeed/goodtrain596.png,GOOD
/content/drive/My Drive/AAR/dataset/train/GoodSeed/goodtrain597.png,GOOD
/content/drive/My Drive/AAR/dataset/train/GoodSeed/goodtrain598.png,GOOD
/content/drive/My Drive/AAR/dataset/train/GoodSeed/goodtrain599.png,GOOD
/content/drive/My Drive/AAR/dataset/train/GoodSeed/goodtrain600.png,GOOD
/content/drive/My Drive/AAR/dataset/train/GoodSeed/goodtrain601.png,GOOD
/content/drive/My Drive/AAR/dataset/train/GoodSeed/goodtrain602.png,GOOD
/content/drive/My Drive/AAR/dataset/train/GoodSeed/goodtrain603.png,GOOD
/content/drive/My Drive/AAR/dataset/train/GoodSeed/goodtrain604.png,GOOD
/content/drive/My Drive/AAR/dataset/train/GoodSeed/goodtrain605.png,GOOD
/content/drive/My Drive/AAR/dataset/train/GoodSeed/goodtrain606.png,GOOD
/content/drive/My Drive/AAR/dataset/train/GoodSeed/goodtrain607.png,GOOD
/content/drive/My Drive/AAR/dataset/train/GoodSeed/goodtrain608.png,GOOD
/content/drive/My Drive/AAR/dataset/train/GoodSeed/goodtrain609.png,GOOD
/content/drive/My Drive/AAR/dataset/train/GoodSeed/goodtrain610.png,GOOD
/content/drive/My Drive/AAR/dataset/train/GoodSeed/goodtrain611.png,GOOD
/content/drive/My Drive/AAR/dataset/train/GoodSeed/goodtrain612.png,GOOD
/content/drive/My Drive/AAR/dataset/train/GoodSeed/goodtrain613.png,GOOD
/content/drive/My Drive/AAR/dataset/train/GoodSeed/goodtrain614.png,GOOD
/content/drive/My Drive/AAR/dataset/train/GoodSeed/goodtrain615.png,GOOD
/content/drive/My Drive/AAR/dataset/train/GoodSeed/goodtrain616.png,GOOD
/content/drive/My Drive/AAR/dataset/train/GoodSeed/goodtrain617.png,GOOD
/content/drive/My Drive/AAR/dataset/train/GoodSeed/goodtrain618.png,GOOD
/content/drive/My Drive/AAR/dataset/train/GoodSeed/goodtrain619.png,GOOD
/content/drive/My Drive/AAR/dataset/train/GoodSeed/goodtrain620.png,GOOD
/content/drive/My Drive/AAR/dataset/train/GoodSeed/goodtrain621.png,GOOD
/content/drive/My Drive/AAR/dataset/train/GoodSeed/goodtrain622.png,GOOD
/content/drive/My Drive/AAR/dataset/train/GoodSeed/goodtrain623.png,GOOD
/content/drive/My Drive/AAR/dataset/train/GoodSeed/goodtrain624.png,GOOD
/content/drive/My Drive/AAR/dataset/train/GoodSeed/goodtrain625.png,GOOD
/content/drive/My Drive/AAR/dataset/train/GoodSeed/goodtrain626.png,GOOD
/content/drive/My Drive/AAR/dataset/train/GoodSeed/goodtrain627.png,GOOD
/content/drive/My Drive/AAR/dataset/train/GoodSeed/goodtrain628.png,GOOD
/content/drive/My Drive/AAR/dataset/train/GoodSeed/goodtrain629.png,GOOD
/content/drive/My Drive/AAR/dataset/train/GoodSeed/goodtrain630.png,GOOD
/content/drive/My Drive/AAR/dataset/train/GoodSeed/goodtrain631.png,GOOD
/content/drive/My Drive/AAR/dataset/train/GoodSeed/goodtrain632.png,GOOD
/content/drive/My Drive/AAR/dataset/train/GoodSeed/goodtrain633.png,GOOD
/content/drive/My Drive/AAR/dataset/train/GoodSeed/goodtrain634.png,GOOD
/content/drive/My Drive/AAR/dataset/train/GoodSeed/goodtrain635.png,GOOD
/content/drive/My Drive/AAR/dataset/train/GoodSeed/goodtrain636.png,GOOD
/content/drive/My Drive/AAR/dataset/train/GoodSeed/goodtrain637.png,GOOD
/content/drive/My Drive/AAR/dataset/train/GoodSeed/goodtrain638.png,GOOD
/content/drive/My Drive/AAR/dataset/train/GoodSeed/goodtrain639.png,GOOD
/content/drive/My Drive/AAR/dataset/train/GoodSeed/goodtrain640.png,GOOD
/content/drive/My Drive/AAR/dataset/train/GoodSeed/goodtrain641.png,GOOD
/content/drive/My Drive/AAR/dataset/train/GoodSeed/goodtrain642.png,GOOD
/content/drive/My Drive/AAR/dataset/train/GoodSeed/goodtrain643.png,GOOD
/content/drive/My Drive/AAR/dataset/train/GoodSeed/goodtrain644.png,GOOD
/content/drive/My Drive/AAR/dataset/train/GoodSeed/goodtrain645.png,GOOD
/content/drive/My Drive/AAR/dataset/train/GoodSeed/goodtrain646.png,GOOD
/content/drive/My Drive/AAR/dataset/train/GoodSeed/goodtrain647.png,GOOD
/content/drive/My Drive/AAR/dataset/train/GoodSeed/goodtrain648.png,GOOD
/content/drive/My Drive/AAR/dataset/train/GoodSeed/goodtrain649.png,GOOD
/content/drive/My Drive/AAR/dataset/train/GoodSeed/goodtrain650.png,GOOD
/content/drive/My Drive/AAR/dataset/train/GoodSeed/goodtrain651.png,GOOD
/content/drive/My Drive/AAR/dataset/train/GoodSeed/goodtrain652.png,GOOD
/content/drive/My Drive/AAR/dataset/train/GoodSeed/goodtrain653.png,GOOD
/content/drive/My Drive/AAR/dataset/train/GoodSeed/goodtrain654.png,GOOD
/content/drive/My Drive/AAR/dataset/train/GoodSeed/goodtrain655.png,GOOD
/content/drive/My Drive/AAR/dataset/train/GoodSeed/goodtrain656.png,GOOD
/content/drive/My Drive/AAR/dataset/train/GoodSeed/goodtrain657.png,GOOD
/content/drive/My Drive/AAR/dataset/train/GoodSeed/goodtrain658.png,GOOD
/content/drive/My Drive/AAR/dataset/train/GoodSeed/goodtrain659.png,GOOD
/content/drive/My Drive/AAR/dataset/train/GoodSeed/goodtrain660.png,GOOD
/content/drive/My Drive/AAR/dataset/train/GoodSeed/goodtrain661.png,GOOD
/content/drive/My Drive/AAR/dataset/train/GoodSeed/goodtrain662.png,GOOD
/content/drive/My Drive/AAR/dataset/train/GoodSeed/goodtrain663.png,GOOD
/content/drive/My Drive/AAR/dataset/train/GoodSeed/goodtrain664.png,GOOD
/content/drive/My Drive/AAR/dataset/train/GoodSeed/goodtrain665.png,GOOD
/content/drive/My Drive/AAR/dataset/train/GoodSeed/goodtrain666.png,GOOD
/content/drive/My Drive/AAR/dataset/train/GoodSeed/goodtrain667.png,GOOD
/content/drive/My Drive/AAR/dataset/train/GoodSeed/goodtrain668.png,GOOD
/content/drive/My Drive/AAR/dataset/train/GoodSeed/goodtrain669.png,GOOD
/content/drive/My Drive/AAR/dataset/train/GoodSeed/goodtrain670.png,GOOD
/content/drive/My Drive/AAR/dataset/train/GoodSeed/goodtrain671.png,GOOD
/content/drive/My Drive/AAR/dataset/train/GoodSeed/goodtrain672.png,GOOD
/content/drive/My Drive/AAR/dataset/train/GoodSeed/goodtrain673.png,GOOD
/content/drive/My Drive/AAR/dataset/train/GoodSeed/goodtrain674.png,GOOD
/content/drive/My Drive/AAR/dataset/train/GoodSeed/goodtrain675.png,GOOD
/content/drive/My Drive/AAR/dataset/train/GoodSeed/goodtrain676.png,GOOD
/content/drive/My Drive/AAR/dataset/train/GoodSeed/goodtrain677.png,GOOD
/content/drive/My Drive/AAR/dataset/train/GoodSeed/goodtrain678.png,GOOD
/content/drive/My Drive/AAR/dataset/train/GoodSeed/goodtrain679.png,GOOD
/content/drive/My Drive/AAR/dataset/train/GoodSeed/goodtrain680.png,GOOD
/content/drive/My Drive/AAR/dataset/train/GoodSeed/goodtrain681.png,GOOD
/content/drive/My Drive/AAR/dataset/train/GoodSeed/goodtrain682.png,GOOD
/content/drive/My Drive/AAR/dataset/train/GoodSeed/goodtrain683.png,GOOD
/content/drive/My Drive/AAR/dataset/train/GoodSeed/goodtrain684.png,GOOD
/content/drive/My Drive/AAR/dataset/train/GoodSeed/goodtrain685.png,GOOD
/content/drive/My Drive/AAR/dataset/train/GoodSeed/goodtrain686.png,GOOD
/content/drive/My Drive/AAR/dataset/train/GoodSeed/goodtrain687.png,GOOD
/content/drive/My Drive/AAR/dataset/train/GoodSeed/goodtrain688.png,GOOD
/content/drive/My Drive/AAR/dataset/train/GoodSeed/goodtrain689.png,GOOD
/content/drive/My Drive/AAR/dataset/train/GoodSeed/goodtrain690.png,GOOD
/content/drive/My Drive/AAR/dataset/train/GoodSeed/goodtrain691.png,GOOD
/content/drive/My Drive/AAR/dataset/train/GoodSeed/goodtrain692.png,GOOD
/content/drive/My Drive/AAR/dataset/train/GoodSeed/goodtrain693.png,GOOD
/content/drive/My Drive/AAR/dataset/train/GoodSeed/goodtrain694.png,GOOD
/content/drive/My Drive/AAR/dataset/train/GoodSeed/goodtrain695.png,GOOD
/content/drive/My Drive/AAR/dataset/train/GoodSeed/goodtrain696.png,GOOD
/content/drive/My Drive/AAR/dataset/train/GoodSeed/goodtrain697.png,GOOD
/content/drive/My Drive/AAR/dataset/train/GoodSeed/goodtrain698.png,GOOD
/content/drive/My Drive/AAR/dataset/train/GoodSeed/goodtrain699.png,GOOD
/content/drive/My Drive/AAR/dataset/train/GoodSeed/goodtrain700.png,GOOD
/content/drive/My Drive/AAR/dataset/train/GoodSeed/goodtrain701.png,GOOD
/content/drive/My Drive/AAR/dataset/train/GoodSeed/goodtrain702.png,GOOD
/content/drive/My Drive/AAR/dataset/train/GoodSeed/goodtrain703.png,GOOD
/content/drive/My Drive/AAR/dataset/train/GoodSeed/goodtrain704.png,GOOD
/content/drive/My Drive/AAR/dataset/train/GoodSeed/goodtrain705.png,GOOD
/content/drive/My Drive/AAR/dataset/train/GoodSeed/goodtrain706.png,GOOD
/content/drive/My Drive/AAR/dataset/train/GoodSeed/goodtrain707.png,GOOD
/content/drive/My Drive/AAR/dataset/train/GoodSeed/goodtrain708.png,GOOD
/content/drive/My Drive/AAR/dataset/train/GoodSeed/goodtrain709.png,GOOD
/content/drive/My Drive/AAR/dataset/train/GoodSeed/goodtrain710.png,GOOD
/content/drive/My Drive/AAR/dataset/train/GoodSeed/goodtrain711.png,GOOD
/content/drive/My Drive/AAR/dataset/train/GoodSeed/goodtrain712.png,GOOD
/content/drive/My Drive/AAR/dataset/train/GoodSeed/goodtrain713.png,GOOD
/content/drive/My Drive/AAR/dataset/train/GoodSeed/goodtrain714.png,GOOD
/content/drive/My Drive/AAR/dataset/train/GoodSeed/goodtrain715.png,GOOD
/content/drive/My Drive/AAR/dataset/train/GoodSeed/goodtrain716.png,GOOD
/content/drive/My Drive/AAR/dataset/train/GoodSeed/goodtrain717.png,GOOD
/content/drive/My Drive/AAR/dataset/train/GoodSeed/goodtrain718.png,GOOD
/content/drive/My Drive/AAR/dataset/train/GoodSeed/goodtrain719.png,GOOD
/content/drive/My Drive/AAR/dataset/train/GoodSeed/goodtrain720.png,GOOD
/content/drive/My Drive/AAR/dataset/train/GoodSeed/goodtrain721.png,GOOD
/content/drive/My Drive/AAR/dataset/train/GoodSeed/goodtrain722.png,GOOD
/content/drive/My Drive/AAR/dataset/train/GoodSeed/goodtrain723.png,GOOD
/content/drive/My Drive/AAR/dataset/train/GoodSeed/goodtrain724.png,GOOD
/content/drive/My Drive/AAR/dataset/train/GoodSeed/goodtrain725.png,GOOD
/content/drive/My Drive/AAR/dataset/train/GoodSeed/goodtrain726.png,GOOD
/content/drive/My Drive/AAR/dataset/train/GoodSeed/goodtrain727.png,GOOD
/content/drive/My Drive/AAR/dataset/train/GoodSeed/goodtrain728.png,GOOD
/content/drive/My Drive/AAR/dataset/train/GoodSeed/goodtrain729.png,GOOD
/content/drive/My Drive/AAR/dataset/train/GoodSeed/goodtrain730.png,GOOD
/content/drive/My Drive/AAR/dataset/train/GoodSeed/goodtrain731.png,GOOD
/content/drive/My Drive/AAR/dataset/train/GoodSeed/goodtrain732.png,GOOD
/content/drive/My Drive/AAR/dataset/train/GoodSeed/goodtrain733.png,GOOD
/content/drive/My Drive/AAR/dataset/train/GoodSeed/goodtrain734.png,GOOD
/content/drive/My Drive/AAR/dataset/train/GoodSeed/goodtrain735.png,GOOD
/content/drive/My Drive/AAR/dataset/train/GoodSeed/goodtrain736.png,GOOD
/content/drive/My Drive/AAR/dataset/train/GoodSeed/goodtrain737.png,GOOD
/content/drive/My Drive/AAR/dataset/train/GoodSeed/goodtrain738.png,GOOD
/content/drive/My Drive/AAR/dataset/train/GoodSeed/goodtrain739.png,GOOD
/content/drive/My Drive/AAR/dataset/train/GoodSeed/goodtrain740.png,GOOD
/content/drive/My Drive/AAR/dataset/train/GoodSeed/goodtrain741.png,GOOD
/content/drive/My Drive/AAR/dataset/train/GoodSeed/goodtrain742.png,GOOD
/content/drive/My Drive/AAR/dataset/train/GoodSeed/goodtrain743.png,GOOD
/content/drive/My Drive/AAR/dataset/train/GoodSeed/goodtrain744.png,GOOD
/content/drive/My Drive/AAR/dataset/train/GoodSeed/goodtrain745.png,GOOD
/content/drive/My Drive/AAR/dataset/train/GoodSeed/goodtrain746.png,GOOD
/content/drive/My Drive/AAR/dataset/train/GoodSeed/goodtrain747.png,GOOD
/content/drive/My Drive/AAR/dataset/train/GoodSeed/goodtrain748.png,GOOD
/content/drive/My Drive/AAR/dataset/train/GoodSeed/goodtrain749.png,GOOD
/content/drive/My Drive/AAR/dataset/train/GoodSeed/goodtrain750.png,GOOD
/content/drive/My Drive/AAR/dataset/train/GoodSeed/goodtrain751.png,GOOD
/content/drive/My Drive/AAR/dataset/train/GoodSeed/goodtrain752.png,GOOD
/content/drive/My Drive/AAR/dataset/train/GoodSeed/goodtrain753.png,GOOD
/content/drive/My Drive/AAR/dataset/train/GoodSeed/goodtrain754.png,GOOD
/content/drive/My Drive/AAR/dataset/train/GoodSeed/goodtrain755.png,GOOD
/content/drive/My Drive/AAR/dataset/train/GoodSeed/goodtrain756.png,GOOD
/content/drive/My Drive/AAR/dataset/train/GoodSeed/goodtrain757.png,GOOD
/content/drive/My Drive/AAR/dataset/train/GoodSeed/goodtrain758.png,GOOD
/content/drive/My Drive/AAR/dataset/train/GoodSeed/goodtrain759.png,GOOD
/content/drive/My Drive/AAR/dataset/train/GoodSeed/goodtrain760.png,GOOD
/content/drive/My Drive/AAR/dataset/train/GoodSeed/goodtrain761.png,GOOD
/content/drive/My Drive/AAR/dataset/train/GoodSeed/goodtrain762.png,GOOD
/content/drive/My Drive/AAR/dataset/train/GoodSeed/goodtrain763.png,GOOD
/content/drive/My Drive/AAR/dataset/train/GoodSeed/goodtrain764.png,GOOD
/content/drive/My Drive/AAR/dataset/train/GoodSeed/goodtrain765.png,GOOD
/content/drive/My Drive/AAR/dataset/train/GoodSeed/goodtrain766.png,GOOD
/content/drive/My Drive/AAR/dataset/train/GoodSeed/goodtrain767.png,GOOD
/content/drive/My Drive/AAR/dataset/train/GoodSeed/goodtrain768.png,GOOD
/content/drive/My Drive/AAR/dataset/train/GoodSeed/goodtrain769.png,GOOD
/content/drive/My Drive/AAR/dataset/train/GoodSeed/goodtrain770.png,GOOD
/content/drive/My Drive/AAR/dataset/train/GoodSeed/goodtrain771.png,GOOD
/content/drive/My Drive/AAR/dataset/train/GoodSeed/goodtrain772.png,GOOD
/content/drive/My Drive/AAR/dataset/train/GoodSeed/goodtrain773.png,GOOD
/content/drive/My Drive/AAR/dataset/train/GoodSeed/goodtrain774.png,GOOD
/content/drive/My Drive/AAR/dataset/train/GoodSeed/goodtrain775.png,GOOD
/content/drive/My Drive/AAR/dataset/train/GoodSeed/goodtrain776.png,GOOD
/content/drive/My Drive/AAR/dataset/train/GoodSeed/goodtrain777.png,GOOD
/content/drive/My Drive/AAR/dataset/train/GoodSeed/goodtrain778.png,GOOD
/content/drive/My Drive/AAR/dataset/train/GoodSeed/goodtrain779.png,GOOD
/content/drive/My Drive/AAR/dataset/train/GoodSeed/goodtrain780.png,GOOD
/content/drive/My Drive/AAR/dataset/train/GoodSeed/goodtrain781.png,GOOD
/content/drive/My Drive/AAR/dataset/train/GoodSeed/goodtrain782.png,GOOD
/content/drive/My Drive/AAR/dataset/train/GoodSeed/goodtrain783.png,GOOD
/content/drive/My Drive/AAR/dataset/train/GoodSeed/goodtrain784.png,GOOD
/content/drive/My Drive/AAR/dataset/train/GoodSeed/goodtrain785.png,GOOD
/content/drive/My Drive/AAR/dataset/train/GoodSeed/goodtrain786.png,GOOD
/content/drive/My Drive/AAR/dataset/train/GoodSeed/goodtrain787.png,GOOD
/content/drive/My Drive/AAR/dataset/train/GoodSeed/goodtrain788.png,GOOD
/content/drive/My Drive/AAR/dataset/train/GoodSeed/goodtrain789.png,GOOD
/content/drive/My Drive/AAR/dataset/train/GoodSeed/goodtrain790.png,GOOD
/content/drive/My Drive/AAR/dataset/train/GoodSeed/goodtrain791.png,GOOD
/content/drive/My Drive/AAR/dataset/train/GoodSeed/goodtrain792.png,GOOD
/content/drive/My Drive/AAR/dataset/train/GoodSeed/goodtrain793.png,GOOD
/content/drive/My Drive/AAR/dataset/train/GoodSeed/goodtrain794.png,GOOD
/content/drive/My Drive/AAR/dataset/train/GoodSeed/goodtrain795.png,GOOD
/content/drive/My Drive/AAR/dataset/train/GoodSeed/goodtrain796.png,GOOD
/content/drive/My Drive/AAR/dataset/train/GoodSeed/goodtrain797.png,GOOD
/content/drive/My Drive/AAR/dataset/train/GoodSeed/goodtrain798.png,GOOD
/content/drive/My Drive/AAR/dataset/train/GoodSeed/goodtrain799.png,GOOD
/content/drive/My Drive/AAR/dataset/train/GoodSeed/goodtrain800.png,GOOD
/content/drive/My Drive/AAR/dataset/train/GoodSeed/goodtrain801.png,GOOD
/content/drive/My Drive/AAR/dataset/train/GoodSeed/goodtrain802.png,GOOD
/content/drive/My Drive/AAR/dataset/train/GoodSeed/goodtrain803.png,GOOD
/content/drive/My Drive/AAR/dataset/train/GoodSeed/goodtrain804.png,GOOD
/content/drive/My Drive/AAR/dataset/train/GoodSeed/goodtrain805.png,GOOD
/content/drive/My Drive/AAR/dataset/train/GoodSeed/goodtrain806.png,GOOD
/content/drive/My Drive/AAR/dataset/train/GoodSeed/goodtrain807.png,GOOD
/content/drive/My Drive/AAR/dataset/train/GoodSeed/goodtrain808.png,GOOD
/content/drive/My Drive/AAR/dataset/train/GoodSeed/goodtrain809.png,GOOD
/content/drive/My Drive/AAR/dataset/train/GoodSeed/goodtrain810.png,GOOD
/content/drive/My Drive/AAR/dataset/train/GoodSeed/goodtrain811.png,GOOD
/content/drive/My Drive/AAR/dataset/train/GoodSeed/goodtrain812.png,GOOD
/content/drive/My Drive/AAR/dataset/train/GoodSeed/goodtrain813.png,GOOD
/content/drive/My Drive/AAR/dataset/train/GoodSeed/goodtrain814.png,GOOD
/content/drive/My Drive/AAR/dataset/train/GoodSeed/goodtrain815.png,GOOD
/content/drive/My Drive/AAR/dataset/train/GoodSeed/goodtrain816.png,GOOD
/content/drive/My Drive/AAR/dataset/train/GoodSeed/goodtrain817.png,GOOD
/content/drive/My Drive/AAR/dataset/train/GoodSeed/goodtrain818.png,GOOD
/content/drive/My Drive/AAR/dataset/train/GoodSeed/goodtrain819.png,GOOD
/content/drive/My Drive/AAR/dataset/train/GoodSeed/goodtrain820.png,GOOD
/content/drive/My Drive/AAR/dataset/train/GoodSeed/goodtrain821.png,GOOD
/content/drive/My Drive/AAR/dataset/train/GoodSeed/goodtrain822.png,GOOD
/content/drive/My Drive/AAR/dataset/train/GoodSeed/goodtrain823.png,GOOD
/content/drive/My Drive/AAR/dataset/train/GoodSeed/goodtrain824.png,GOOD
/content/drive/My Drive/AAR/dataset/train/GoodSeed/goodtrain825.png,GOOD
/content/drive/My Drive/AAR/dataset/train/GoodSeed/goodtrain826.png,GOOD
/content/drive/My Drive/AAR/dataset/train/GoodSeed/goodtrain827.png,GOOD
/content/drive/My Drive/AAR/dataset/train/GoodSeed/goodtrain828.png,GOOD
/content/drive/My Drive/AAR/dataset/train/GoodSeed/goodtrain829.png,GOOD
/content/drive/My Drive/AAR/dataset/train/GoodSeed/goodtrain830.png,GOOD
/content/drive/My Drive/AAR/dataset/train/GoodSeed/goodtrain831.png,GOOD
/content/drive/My Drive/AAR/dataset/train/GoodSeed/goodtrain832.png,GOOD
/content/drive/My Drive/AAR/dataset/train/GoodSeed/goodtrain833.png,GOOD
/content/drive/My Drive/AAR/dataset/train/GoodSeed/goodtrain834.png,GOOD
/content/drive/My Drive/AAR/dataset/train/GoodSeed/goodtrain835.png,GOOD
/content/drive/My Drive/AAR/dataset/train/GoodSeed/goodtrain836.png,GOOD
/content/drive/My Drive/AAR/dataset/train/GoodSeed/goodtrain837.png,GOOD
/content/drive/My Drive/AAR/dataset/train/GoodSeed/goodtrain838.png,GOOD
/content/drive/My Drive/AAR/dataset/train/GoodSeed/goodtrain839.png,GOOD
/content/drive/My Drive/AAR/dataset/train/GoodSeed/goodtrain840.png,GOOD
/content/drive/My Drive/AAR/dataset/train/GoodSeed/goodtrain841.png,GOOD
/content/drive/My Drive/AAR/dataset/train/GoodSeed/goodtrain842.png,GOOD
/content/drive/My Drive/AAR/dataset/train/GoodSeed/goodtrain843.png,GOOD
/content/drive/My Drive/AAR/dataset/train/GoodSeed/goodtrain844.png,GOOD
/content/drive/My Drive/AAR/dataset/train/GoodSeed/goodtrain845.png,GOOD
/content/drive/My Drive/AAR/dataset/train/GoodSeed/goodtrain846.png,GOOD
/content/drive/My Drive/AAR/dataset/train/GoodSeed/goodtrain847.png,GOOD
/content/drive/My Drive/AAR/dataset/train/GoodSeed/goodtrain848.png,GOOD
/content/drive/My Drive/AAR/dataset/train/GoodSeed/goodtrain849.png,GOOD
/content/drive/My Drive/AAR/dataset/train/GoodSeed/goodtrain850.png,GOOD
/content/drive/My Drive/AAR/dataset/train/GoodSeed/goodtrain851.png,GOOD
/content/drive/My Drive/AAR/dataset/train/GoodSeed/goodtrain852.png,GOOD
/content/drive/My Drive/AAR/dataset/train/GoodSeed/goodtrain853.png,GOOD
/content/drive/My Drive/AAR/dataset/train/GoodSeed/goodtrain854.png,GOOD
/content/drive/My Drive/AAR/dataset/train/GoodSeed/goodtrain855.png,GOOD
/content/drive/My Drive/AAR/dataset/train/GoodSeed/goodtrain856.png,GOOD
/content/drive/My Drive/AAR/dataset/train/GoodSeed/goodtrain857.png,GOOD
/content/drive/My Drive/AAR/dataset/train/GoodSeed/goodtrain858.png,GOOD
/content/drive/My Drive/AAR/dataset/train/GoodSeed/goodtrain859.png,GOOD
/content/drive/My Drive/AAR/dataset/train/GoodSeed/goodtrain860.png,GOOD
/content/drive/My Drive/AAR/dataset/train/GoodSeed/goodtrain861.png,GOOD
/content/drive/My Drive/AAR/dataset/train/GoodSeed/goodtrain862.png,GOOD
/content/drive/My Drive/AAR/dataset/train/GoodSeed/goodtrain863.png,GOOD
/content/drive/My Drive/AAR/dataset/train/GoodSeed/goodtrain864.png,GOOD
/content/drive/My Drive/AAR/dataset/train/GoodSeed/goodtrain865.png,GOOD
/content/drive/My Drive/AAR/dataset/train/GoodSeed/goodtrain866.png,GOOD
/content/drive/My Drive/AAR/dataset/train/GoodSeed/goodtrain867.png,GOOD
/content/drive/My Drive/AAR/dataset/train/GoodSeed/goodtrain868.png,GOOD
/content/drive/My Drive/AAR/dataset/train/GoodSeed/goodtrain869.png,GOOD
/content/drive/My Drive/AAR/dataset/train/GoodSeed/goodtrain870.png,GOOD
/content/drive/My Drive/AAR/dataset/train/GoodSeed/goodtrain871.png,GOOD
/content/drive/My Drive/AAR/dataset/train/GoodSeed/goodtrain872.png,GOOD
/content/drive/My Drive/AAR/dataset/train/GoodSeed/goodtrain873.png,GOOD
/content/drive/My Drive/AAR/dataset/train/GoodSeed/goodtrain874.png,GOOD
/content/drive/My Drive/AAR/dataset/train/GoodSeed/goodtrain875.png,GOOD
/content/drive/My Drive/AAR/dataset/train/GoodSeed/goodtrain876.png,GOOD
/content/drive/My Drive/AAR/dataset/train/GoodSeed/goodtrain877.png,GOOD
/content/drive/My Drive/AAR/dataset/train/GoodSeed/goodtrain878.png,GOOD
/content/drive/My Drive/AAR/dataset/train/GoodSeed/goodtrain879.png,GOOD
/content/drive/My Drive/AAR/dataset/train/GoodSeed/goodtrain880.png,GOOD
/content/drive/My Drive/AAR/dataset/train/GoodSeed/goodtrain881.png,GOOD
/content/drive/My Drive/AAR/dataset/train/GoodSeed/goodtrain882.png,GOOD
/content/drive/My Drive/AAR/dataset/train/GoodSeed/goodtrain883.png,GOOD
/content/drive/My Drive/AAR/dataset/train/GoodSeed/goodtrain884.png,GOOD
/content/drive/My Drive/AAR/dataset/train/GoodSeed/goodtrain885.png,GOOD
/content/drive/My Drive/AAR/dataset/train/GoodSeed/goodtrain886.png,GOOD
/content/drive/My Drive/AAR/dataset/train/GoodSeed/goodtrain887.png,GOOD
/content/drive/My Drive/AAR/dataset/train/GoodSeed/goodtrain888.png,GOOD
/content/drive/My Drive/AAR/dataset/train/GoodSeed/goodtrain889.png,GOOD
/content/drive/My Drive/AAR/dataset/train/GoodSeed/goodtrain890.png,GOOD
/content/drive/My Drive/AAR/dataset/train/GoodSeed/goodtrain891.png,GOOD
/content/drive/My Drive/AAR/dataset/train/GoodSeed/goodtrain892.png,GOOD
/content/drive/My Drive/AAR/dataset/train/GoodSeed/goodtrain893.png,GOOD
/content/drive/My Drive/AAR/dataset/train/GoodSeed/goodtrain894.png,GOOD
/content/drive/My Drive/AAR/dataset/train/GoodSeed/goodtrain895.png,GOOD
/content/drive/My Drive/AAR/dataset/train/GoodSeed/goodtrain896.png,GOOD
/content/drive/My Drive/AAR/dataset/train/GoodSeed/goodtrain897.png,GOOD
/content/drive/My Drive/AAR/dataset/train/GoodSeed/goodtrain898.png,GOOD
/content/drive/My Drive/AAR/dataset/train/GoodSeed/goodtrain899.png,GOOD
/content/drive/My Drive/AAR/dataset/train/GoodSeed/goodtrain900.png,GOOD
/content/drive/My Drive/AAR/dataset/train/BadSeed/badtrain200.png,BAD
/content/drive/My Drive/AAR/dataset/train/BadSeed/badtrain201.png,BAD
/content/drive/My Drive/AAR/dataset/train/BadSeed/badtrain202.png,BAD
/content/drive/My Drive/AAR/dataset/train/BadSeed/badtrain203.png,BAD
/content/drive/My Drive/AAR/dataset/train/BadSeed/badtrain204.png,BAD
/content/drive/My Drive/AAR/dataset/train/BadSeed/badtrain205.png,BAD
/content/drive/My Drive/AAR/dataset/train/BadSeed/badtrain206.png,BAD
/content/drive/My Drive/AAR/dataset/train/BadSeed/badtrain207.png,BAD
/content/drive/My Drive/AAR/dataset/train/BadSeed/badtrain208.png,BAD
/content/drive/My Drive/AAR/dataset/train/BadSeed/badtrain209.png,BAD
/content/drive/My Drive/AAR/dataset/train/BadSeed/badtrain210.png,BAD
/content/drive/My Drive/AAR/dataset/train/BadSeed/badtrain211.png,BAD
/content/drive/My Drive/AAR/dataset/train/BadSeed/badtrain212.png,BAD
/content/drive/My Drive/AAR/dataset/train/BadSeed/badtrain213.png,BAD
/content/drive/My Drive/AAR/dataset/train/BadSeed/badtrain214.png,BAD
/content/drive/My Drive/AAR/dataset/train/BadSeed/badtrain215.png,BAD
/content/drive/My Drive/AAR/dataset/train/BadSeed/badtrain216.png,BAD
/content/drive/My Drive/AAR/dataset/train/BadSeed/badtrain217.png,BAD
/content/drive/My Drive/AAR/dataset/train/BadSeed/badtrain218.png,BAD
/content/drive/My Drive/AAR/dataset/train/BadSeed/badtrain219.png,BAD
/content/drive/My Drive/AAR/dataset/train/BadSeed/badtrain220.png,BAD
/content/drive/My Drive/AAR/dataset/train/BadSeed/badtrain221.png,BAD
/content/drive/My Drive/AAR/dataset/train/BadSeed/badtrain222.png,BAD
/content/drive/My Drive/AAR/dataset/train/BadSeed/badtrain223.png,BAD
/content/drive/My Drive/AAR/dataset/train/BadSeed/badtrain224.png,BAD
/content/drive/My Drive/AAR/dataset/train/BadSeed/badtrain225.png,BAD
/content/drive/My Drive/AAR/dataset/train/BadSeed/badtrain226.png,BAD
/content/drive/My Drive/AAR/dataset/train/BadSeed/badtrain227.png,BAD
/content/drive/My Drive/AAR/dataset/train/BadSeed/badtrain228.png,BAD
/content/drive/My Drive/AAR/dataset/train/BadSeed/badtrain229.png,BAD
/content/drive/My Drive/AAR/dataset/train/BadSeed/badtrain230.png,BAD
/content/drive/My Drive/AAR/dataset/train/BadSeed/badtrain231.png,BAD
/content/drive/My Drive/AAR/dataset/train/BadSeed/badtrain232.png,BAD
/content/drive/My Drive/AAR/dataset/train/BadSeed/badtrain233.png,BAD
/content/drive/My Drive/AAR/dataset/train/BadSeed/badtrain234.png,BAD
/content/drive/My Drive/AAR/dataset/train/BadSeed/badtrain235.png,BAD
/content/drive/My Drive/AAR/dataset/train/BadSeed/badtrain236.png,BAD
/content/drive/My Drive/AAR/dataset/train/BadSeed/badtrain237.png,BAD
/content/drive/My Drive/AAR/dataset/train/BadSeed/badtrain238.png,BAD
/content/drive/My Drive/AAR/dataset/train/BadSeed/badtrain239.png,BAD
/content/drive/My Drive/AAR/dataset/train/BadSeed/badtrain240.png,BAD
/content/drive/My Drive/AAR/dataset/train/BadSeed/badtrain241.png,BAD
/content/drive/My Drive/AAR/dataset/train/BadSeed/badtrain242.png,BAD
/content/drive/My Drive/AAR/dataset/train/BadSeed/badtrain243.png,BAD
/content/drive/My Drive/AAR/dataset/train/BadSeed/badtrain244.png,BAD
/content/drive/My Drive/AAR/dataset/train/BadSeed/badtrain245.png,BAD
/content/drive/My Drive/AAR/dataset/train/BadSeed/badtrain246.png,BAD
/content/drive/My Drive/AAR/dataset/train/BadSeed/badtrain247.png,BAD
/content/drive/My Drive/AAR/dataset/train/BadSeed/badtrain248.png,BAD
/content/drive/My Drive/AAR/dataset/train/BadSeed/badtrain249.png,BAD
/content/drive/My Drive/AAR/dataset/train/BadSeed/badtrain250.png,BAD
/content/drive/My Drive/AAR/dataset/train/BadSeed/badtrain251.png,BAD
/content/drive/My Drive/AAR/dataset/train/BadSeed/badtrain252.png,BAD
/content/drive/My Drive/AAR/dataset/train/BadSeed/badtrain253.png,BAD
/content/drive/My Drive/AAR/dataset/train/BadSeed/badtrain254.png,BAD
/content/drive/My Drive/AAR/dataset/train/BadSeed/badtrain255.png,BAD
/content/drive/My Drive/AAR/dataset/train/BadSeed/badtrain256.png,BAD
/content/drive/My Drive/AAR/dataset/train/BadSeed/badtrain257.png,BAD
/content/drive/My Drive/AAR/dataset/train/BadSeed/badtrain258.png,BAD
/content/drive/My Drive/AAR/dataset/train/BadSeed/badtrain259.png,BAD
/content/drive/My Drive/AAR/dataset/train/BadSeed/badtrain260.png,BAD
/content/drive/My Drive/AAR/dataset/train/BadSeed/badtrain261.png,BAD
/content/drive/My Drive/AAR/dataset/train/BadSeed/badtrain262.png,BAD
/content/drive/My Drive/AAR/dataset/train/BadSeed/badtrain263.png,BAD
/content/drive/My Drive/AAR/dataset/train/BadSeed/badtrain264.png,BAD
/content/drive/My Drive/AAR/dataset/train/BadSeed/badtrain265.png,BAD
/content/drive/My Drive/AAR/dataset/train/BadSeed/badtrain266.png,BAD
/content/drive/My Drive/AAR/dataset/train/BadSeed/badtrain267.png,BAD
/content/drive/My Drive/AAR/dataset/train/BadSeed/badtrain268.png,BAD
/content/drive/My Drive/AAR/dataset/train/BadSeed/badtrain269.png,BAD
/content/drive/My Drive/AAR/dataset/train/BadSeed/badtrain270.png,BAD
/content/drive/My Drive/AAR/dataset/train/BadSeed/badtrain271.png,BAD
/content/drive/My Drive/AAR/dataset/train/BadSeed/badtrain272.png,BAD
/content/drive/My Drive/AAR/dataset/train/BadSeed/badtrain273.png,BAD
/content/drive/My Drive/AAR/dataset/train/BadSeed/badtrain274.png,BAD
/content/drive/My Drive/AAR/dataset/train/BadSeed/badtrain275.png,BAD
/content/drive/My Drive/AAR/dataset/train/BadSeed/badtrain276.png,BAD
/content/drive/My Drive/AAR/dataset/train/BadSeed/badtrain277.png,BAD
/content/drive/My Drive/AAR/dataset/train/BadSeed/badtrain278.png,BAD
/content/drive/My Drive/AAR/dataset/train/BadSeed/badtrain279.png,BAD
/content/drive/My Drive/AAR/dataset/train/BadSeed/badtrain280.png,BAD
/content/drive/My Drive/AAR/dataset/train/BadSeed/badtrain281.png,BAD
/content/drive/My Drive/AAR/dataset/train/BadSeed/badtrain282.png,BAD
/content/drive/My Drive/AAR/dataset/train/BadSeed/badtrain283.png,BAD
/content/drive/My Drive/AAR/dataset/train/BadSeed/badtrain284.png,BAD
/content/drive/My Drive/AAR/dataset/train/BadSeed/badtrain285.png,BAD
/content/drive/My Drive/AAR/dataset/train/BadSeed/badtrain286.png,BAD
/content/drive/My Drive/AAR/dataset/train/BadSeed/badtrain287.png,BAD
/content/drive/My Drive/AAR/dataset/train/BadSeed/badtrain288.png,BAD
/content/drive/My Drive/AAR/dataset/train/BadSeed/badtrain289.png,BAD
/content/drive/My Drive/AAR/dataset/train/BadSeed/badtrain290.png,BAD
/content/drive/My Drive/AAR/dataset/train/BadSeed/badtrain291.png,BAD
/content/drive/My Drive/AAR/dataset/train/BadSeed/badtrain292.png,BAD
/content/drive/My Drive/AAR/dataset/train/BadSeed/badtrain293.png,BAD
/content/drive/My Drive/AAR/dataset/train/BadSeed/badtrain294.png,BAD
/content/drive/My Drive/AAR/dataset/train/BadSeed/badtrain295.png,BAD
/content/drive/My Drive/AAR/dataset/train/BadSeed/badtrain296.png,BAD
/content/drive/My Drive/AAR/dataset/train/BadSeed/badtrain297.png,BAD
/content/drive/My Drive/AAR/dataset/train/BadSeed/badtrain298.png,BAD
/content/drive/My Drive/AAR/dataset/train/BadSeed/badtrain299.png,BAD
/content/drive/My Drive/AAR/dataset/train/BadSeed/badtrain300.png,BAD
/content/drive/My Drive/AAR/dataset/train/BadSeed/badtrain301.png,BAD
/content/drive/My Drive/AAR/dataset/train/BadSeed/badtrain302.png,BAD
/content/drive/My Drive/AAR/dataset/train/BadSeed/badtrain303.png,BAD
/content/drive/My Drive/AAR/dataset/train/BadSeed/badtrain304.png,BAD
/content/drive/My Drive/AAR/dataset/train/BadSeed/badtrain305.png,BAD
/content/drive/My Drive/AAR/dataset/train/BadSeed/badtrain306.png,BAD
/content/drive/My Drive/AAR/dataset/train/BadSeed/badtrain307.png,BAD
/content/drive/My Drive/AAR/dataset/train/BadSeed/badtrain308.png,BAD
/content/drive/My Drive/AAR/dataset/train/BadSeed/badtrain309.png,BAD
/content/drive/My Drive/AAR/dataset/train/BadSeed/badtrain310.png,BAD
/content/drive/My Drive/AAR/dataset/train/BadSeed/badtrain311.png,BAD
/content/drive/My Drive/AAR/dataset/train/BadSeed/badtrain312.png,BAD
/content/drive/My Drive/AAR/dataset/train/BadSeed/badtrain313.png,BAD
/content/drive/My Drive/AAR/dataset/train/BadSeed/badtrain314.png,BAD
/content/drive/My Drive/AAR/dataset/train/BadSeed/badtrain315.png,BAD
/content/drive/My Drive/AAR/dataset/train/BadSeed/badtrain316.png,BAD
/content/drive/My Drive/AAR/dataset/train/BadSeed/badtrain317.png,BAD
/content/drive/My Drive/AAR/dataset/train/BadSeed/badtrain318.png,BAD
/content/drive/My Drive/AAR/dataset/train/BadSeed/badtrain319.png,BAD
/content/drive/My Drive/AAR/dataset/train/BadSeed/badtrain320.png,BAD
/content/drive/My Drive/AAR/dataset/train/BadSeed/badtrain321.png,BAD
/content/drive/My Drive/AAR/dataset/train/BadSeed/badtrain322.png,BAD
/content/drive/My Drive/AAR/dataset/train/BadSeed/badtrain323.png,BAD
/content/drive/My Drive/AAR/dataset/train/BadSeed/badtrain324.png,BAD
/content/drive/My Drive/AAR/dataset/train/BadSeed/badtrain325.png,BAD
/content/drive/My Drive/AAR/dataset/train/BadSeed/badtrain326.png,BAD
/content/drive/My Drive/AAR/dataset/train/BadSeed/badtrain327.png,BAD
/content/drive/My Drive/AAR/dataset/train/BadSeed/badtrain328.png,BAD
/content/drive/My Drive/AAR/dataset/train/BadSeed/badtrain329.png,BAD
/content/drive/My Drive/AAR/dataset/train/BadSeed/badtrain330.png,BAD
/content/drive/My Drive/AAR/dataset/train/BadSeed/badtrain331.png,BAD
/content/drive/My Drive/AAR/dataset/train/BadSeed/badtrain332.png,BAD
/content/drive/My Drive/AAR/dataset/train/BadSeed/badtrain333.png,BAD
/content/drive/My Drive/AAR/dataset/train/BadSeed/badtrain334.png,BAD
/content/drive/My Drive/AAR/dataset/train/BadSeed/badtrain335.png,BAD
/content/drive/My Drive/AAR/dataset/train/BadSeed/badtrain336.png,BAD
/content/drive/My Drive/AAR/dataset/train/BadSeed/badtrain337.png,BAD
/content/drive/My Drive/AAR/dataset/train/BadSeed/badtrain338.png,BAD
/content/drive/My Drive/AAR/dataset/train/BadSeed/badtrain339.png,BAD
/content/drive/My Drive/AAR/dataset/train/BadSeed/badtrain340.png,BAD
/content/drive/My Drive/AAR/dataset/train/BadSeed/badtrain341.png,BAD
/content/drive/My Drive/AAR/dataset/train/BadSeed/badtrain342.png,BAD
/content/drive/My Drive/AAR/dataset/train/BadSeed/badtrain343.png,BAD
/content/drive/My Drive/AAR/dataset/train/BadSeed/badtrain344.png,BAD
/content/drive/My Drive/AAR/dataset/train/BadSeed/badtrain345.png,BAD
/content/drive/My Drive/AAR/dataset/train/BadSeed/badtrain346.png,BAD
/content/drive/My Drive/AAR/dataset/train/BadSeed/badtrain347.png,BAD
/content/drive/My Drive/AAR/dataset/train/BadSeed/badtrain348.png,BAD
/content/drive/My Drive/AAR/dataset/train/BadSeed/badtrain349.png,BAD
/content/drive/My Drive/AAR/dataset/train/BadSeed/badtrain350.png,BAD
/content/drive/My Drive/AAR/dataset/train/BadSeed/badtrain351.png,BAD
/content/drive/My Drive/AAR/dataset/train/BadSeed/badtrain352.png,BAD
/content/drive/My Drive/AAR/dataset/train/BadSeed/badtrain353.png,BAD
/content/drive/My Drive/AAR/dataset/train/BadSeed/badtrain354.png,BAD
/content/drive/My Drive/AAR/dataset/train/BadSeed/badtrain355.png,BAD
/content/drive/My Drive/AAR/dataset/train/BadSeed/badtrain356.png,BAD
/content/drive/My Drive/AAR/dataset/train/BadSeed/badtrain357.png,BAD
/content/drive/My Drive/AAR/dataset/train/BadSeed/badtrain358.png,BAD
/content/drive/My Drive/AAR/dataset/train/BadSeed/badtrain359.png,BAD
/content/drive/My Drive/AAR/dataset/train/BadSeed/badtrain360.png,BAD
/content/drive/My Drive/AAR/dataset/train/BadSeed/badtrain361.png,BAD
/content/drive/My Drive/AAR/dataset/train/BadSeed/badtrain362.png,BAD
/content/drive/My Drive/AAR/dataset/train/BadSeed/badtrain363.png,BAD
/content/drive/My Drive/AAR/dataset/train/BadSeed/badtrain364.png,BAD
/content/drive/My Drive/AAR/dataset/train/BadSeed/badtrain365.png,BAD
/content/drive/My Drive/AAR/dataset/train/BadSeed/badtrain366.png,BAD
/content/drive/My Drive/AAR/dataset/train/BadSeed/badtrain367.png,BAD
/content/drive/My Drive/AAR/dataset/train/BadSeed/badtrain368.png,BAD
/content/drive/My Drive/AAR/dataset/train/BadSeed/badtrain369.png,BAD
/content/drive/My Drive/AAR/dataset/train/BadSeed/badtrain370.png,BAD
/content/drive/My Drive/AAR/dataset/train/BadSeed/badtrain371.png,BAD
/content/drive/My Drive/AAR/dataset/train/BadSeed/badtrain372.png,BAD
/content/drive/My Drive/AAR/dataset/train/BadSeed/badtrain373.png,BAD
/content/drive/My Drive/AAR/dataset/train/BadSeed/badtrain374.png,BAD
/content/drive/My Drive/AAR/dataset/train/BadSeed/badtrain375.png,BAD
/content/drive/My Drive/AAR/dataset/train/BadSeed/badtrain376.png,BAD
/content/drive/My Drive/AAR/dataset/train/BadSeed/badtrain377.png,BAD
/content/drive/My Drive/AAR/dataset/train/BadSeed/badtrain378.png,BAD
/content/drive/My Drive/AAR/dataset/train/BadSeed/badtrain379.png,BAD
/content/drive/My Drive/AAR/dataset/train/BadSeed/badtrain380.png,BAD
/content/drive/My Drive/AAR/dataset/train/BadSeed/badtrain381.png,BAD
/content/drive/My Drive/AAR/dataset/train/BadSeed/badtrain382.png,BAD
/content/drive/My Drive/AAR/dataset/train/BadSeed/badtrain383.png,BAD
/content/drive/My Drive/AAR/dataset/train/BadSeed/badtrain384.png,BAD
/content/drive/My Drive/AAR/dataset/train/BadSeed/badtrain385.png,BAD
/content/drive/My Drive/AAR/dataset/train/BadSeed/badtrain386.png,BAD
/content/drive/My Drive/AAR/dataset/train/BadSeed/badtrain387.png,BAD
/content/drive/My Drive/AAR/dataset/train/BadSeed/badtrain388.png,BAD
/content/drive/My Drive/AAR/dataset/train/BadSeed/badtrain389.png,BAD
/content/drive/My Drive/AAR/dataset/train/BadSeed/badtrain390.png,BAD
/content/drive/My Drive/AAR/dataset/train/BadSeed/badtrain391.png,BAD
/content/drive/My Drive/AAR/dataset/train/BadSeed/badtrain392.png,BAD
/content/drive/My Drive/AAR/dataset/train/BadSeed/badtrain393.png,BAD
/content/drive/My Drive/AAR/dataset/train/BadSeed/badtrain394.png,BAD
/content/drive/My Drive/AAR/dataset/train/BadSeed/badtrain395.png,BAD
/content/drive/My Drive/AAR/dataset/train/BadSeed/badtrain396.png,BAD
/content/drive/My Drive/AAR/dataset/train/BadSeed/badtrain397.png,BAD
/content/drive/My Drive/AAR/dataset/train/BadSeed/badtrain398.png,BAD
/content/drive/My Drive/AAR/dataset/train/BadSeed/badtrain399.png,BAD
/content/drive/My Drive/AAR/dataset/train/BadSeed/badtrain400.png,BAD
/content/drive/My Drive/AAR/dataset/train/BadSeed/badtrain401.png,BAD
/content/drive/My Drive/AAR/dataset/train/BadSeed/badtrain402.png,BAD
/content/drive/My Drive/AAR/dataset/train/BadSeed/badtrain403.png,BAD
/content/drive/My Drive/AAR/dataset/train/BadSeed/badtrain404.png,BAD
/content/drive/My Drive/AAR/dataset/train/BadSeed/badtrain405.png,BAD
/content/drive/My Drive/AAR/dataset/train/BadSeed/badtrain406.png,BAD
/content/drive/My Drive/AAR/dataset/train/BadSeed/badtrain407.png,BAD
/content/drive/My Drive/AAR/dataset/train/BadSeed/badtrain408.png,BAD
/content/drive/My Drive/AAR/dataset/train/BadSeed/badtrain409.png,BAD
/content/drive/My Drive/AAR/dataset/train/BadSeed/badtrain410.png,BAD
/content/drive/My Drive/AAR/dataset/train/BadSeed/badtrain411.png,BAD
/content/drive/My Drive/AAR/dataset/train/BadSeed/badtrain412.png,BAD
/content/drive/My Drive/AAR/dataset/train/BadSeed/badtrain413.png,BAD
/content/drive/My Drive/AAR/dataset/train/BadSeed/badtrain414.png,BAD
/content/drive/My Drive/AAR/dataset/train/BadSeed/badtrain415.png,BAD
/content/drive/My Drive/AAR/dataset/train/BadSeed/badtrain416.png,BAD
/content/drive/My Drive/AAR/dataset/train/BadSeed/badtrain417.png,BAD
/content/drive/My Drive/AAR/dataset/train/BadSeed/badtrain418.png,BAD
/content/drive/My Drive/AAR/dataset/train/BadSeed/badtrain419.png,BAD
/content/drive/My Drive/AAR/dataset/train/BadSeed/badtrain420.png,BAD
/content/drive/My Drive/AAR/dataset/train/BadSeed/badtrain421.png,BAD
/content/drive/My Drive/AAR/dataset/train/BadSeed/badtrain422.png,BAD
/content/drive/My Drive/AAR/dataset/train/BadSeed/badtrain423.png,BAD
/content/drive/My Drive/AAR/dataset/train/BadSeed/badtrain424.png,BAD
/content/drive/My Drive/AAR/dataset/train/BadSeed/badtrain425.png,BAD
/content/drive/My Drive/AAR/dataset/train/BadSeed/badtrain426.png,BAD
/content/drive/My Drive/AAR/dataset/train/BadSeed/badtrain427.png,BAD
/content/drive/My Drive/AAR/dataset/train/BadSeed/badtrain428.png,BAD
/content/drive/My Drive/AAR/dataset/train/BadSeed/badtrain429.png,BAD
/content/drive/My Drive/AAR/dataset/train/BadSeed/badtrain430.png,BAD
/content/drive/My Drive/AAR/dataset/train/BadSeed/badtrain431.png,BAD
/content/drive/My Drive/AAR/dataset/train/BadSeed/badtrain432.png,BAD
/content/drive/My Drive/AAR/dataset/train/BadSeed/badtrain433.png,BAD
/content/drive/My Drive/AAR/dataset/train/BadSeed/badtrain434.png,BAD
/content/drive/My Drive/AAR/dataset/train/BadSeed/badtrain435.png,BAD
/content/drive/My Drive/AAR/dataset/train/BadSeed/badtrain436.png,BAD
/content/drive/My Drive/AAR/dataset/train/BadSeed/badtrain437.png,BAD
/content/drive/My Drive/AAR/dataset/train/BadSeed/badtrain438.png,BAD
/content/drive/My Drive/AAR/dataset/train/BadSeed/badtrain439.png,BAD
/content/drive/My Drive/AAR/dataset/train/BadSeed/badtrain440.png,BAD
/content/drive/My Drive/AAR/dataset/train/BadSeed/badtrain441.png,BAD
/content/drive/My Drive/AAR/dataset/train/BadSeed/badtrain442.png,BAD
/content/drive/My Drive/AAR/dataset/train/BadSeed/badtrain443.png,BAD
/content/drive/My Drive/AAR/dataset/train/BadSeed/badtrain444.png,BAD
/content/drive/My Drive/AAR/dataset/train/BadSeed/badtrain445.png,BAD
/content/drive/My Drive/AAR/dataset/train/BadSeed/badtrain446.png,BAD
/content/drive/My Drive/AAR/dataset/train/BadSeed/badtrain447.png,BAD
/content/drive/My Drive/AAR/dataset/train/BadSeed/badtrain448.png,BAD
/content/drive/My Drive/AAR/dataset/train/BadSeed/badtrain449.png,BAD
/content/drive/My Drive/AAR/dataset/train/BadSeed/badtrain450.png,BAD
/content/drive/My Drive/AAR/dataset/train/BadSeed/badtrain451.png,BAD
/content/drive/My Drive/AAR/dataset/train/BadSeed/badtrain452.png,BAD
/content/drive/My Drive/AAR/dataset/train/BadSeed/badtrain453.png,BAD
/content/drive/My Drive/AAR/dataset/train/BadSeed/badtrain454.png,BAD
/content/drive/My Drive/AAR/dataset/train/BadSeed/badtrain455.png,BAD
/content/drive/My Drive/AAR/dataset/train/BadSeed/badtrain456.png,BAD
/content/drive/My Drive/AAR/dataset/train/BadSeed/badtrain457.png,BAD
/content/drive/My Drive/AAR/dataset/train/BadSeed/badtrain458.png,BAD
/content/drive/My Drive/AAR/dataset/train/BadSeed/badtrain459.png,BAD
/content/drive/My Drive/AAR/dataset/train/BadSeed/badtrain460.png,BAD
/content/drive/My Drive/AAR/dataset/train/BadSeed/badtrain461.png,BAD
/content/drive/My Drive/AAR/dataset/train/BadSeed/badtrain462.png,BAD
/content/drive/My Drive/AAR/dataset/train/BadSeed/badtrain463.png,BAD
/content/drive/My Drive/AAR/dataset/train/BadSeed/badtrain464.png,BAD
/content/drive/My Drive/AAR/dataset/train/BadSeed/badtrain465.png,BAD
/content/drive/My Drive/AAR/dataset/train/BadSeed/badtrain466.png,BAD
/content/drive/My Drive/AAR/dataset/train/BadSeed/badtrain467.png,BAD
/content/drive/My Drive/AAR/dataset/train/BadSeed/badtrain468.png,BAD
/content/drive/My Drive/AAR/dataset/train/BadSeed/badtrain469.png,BAD
/content/drive/My Drive/AAR/dataset/train/BadSeed/badtrain470.png,BAD
/content/drive/My Drive/AAR/dataset/train/BadSeed/badtrain471.png,BAD
/content/drive/My Drive/AAR/dataset/train/BadSeed/badtrain472.png,BAD
/content/drive/My Drive/AAR/dataset/train/BadSeed/badtrain473.png,BAD
/content/drive/My Drive/AAR/dataset/train/BadSeed/badtrain474.png,BAD
/content/drive/My Drive/AAR/dataset/train/BadSeed/badtrain475.png,BAD
/content/drive/My Drive/AAR/dataset/train/BadSeed/badtrain476.png,BAD
/content/drive/My Drive/AAR/dataset/train/BadSeed/badtrain477.png,BAD
/content/drive/My Drive/AAR/dataset/train/BadSeed/badtrain478.png,BAD
/content/drive/My Drive/AAR/dataset/train/BadSeed/badtrain479.png,BAD
/content/drive/My Drive/AAR/dataset/train/BadSeed/badtrain480.png,BAD
/content/drive/My Drive/AAR/dataset/train/BadSeed/badtrain481.png,BAD
/content/drive/My Drive/AAR/dataset/train/BadSeed/badtrain482.png,BAD
/content/drive/My Drive/AAR/dataset/train/BadSeed/badtrain483.png,BAD
/content/drive/My Drive/AAR/dataset/train/BadSeed/badtrain484.png,BAD
/content/drive/My Drive/AAR/dataset/train/BadSeed/badtrain485.png,BAD
/content/drive/My Drive/AAR/dataset/train/BadSeed/badtrain486.png,BAD
/content/drive/My Drive/AAR/dataset/train/BadSeed/badtrain487.png,BAD
/content/drive/My Drive/AAR/dataset/train/BadSeed/badtrain488.png,BAD
/content/drive/My Drive/AAR/dataset/train/BadSeed/badtrain489.png,BAD
/content/drive/My Drive/AAR/dataset/train/BadSeed/badtrain490.png,BAD
/content/drive/My Drive/AAR/dataset/train/BadSeed/badtrain491.png,BAD
/content/drive/My Drive/AAR/dataset/train/BadSeed/badtrain492.png,BAD
/content/drive/My Drive/AAR/dataset/train/BadSeed/badtrain493.png,BAD
/content/drive/My Drive/AAR/dataset/train/BadSeed/badtrain494.png,BAD
/content/drive/My Drive/AAR/dataset/train/BadSeed/badtrain495.png,BAD
/content/drive/My Drive/AAR/dataset/train/BadSeed/badtrain496.png,BAD
/content/drive/My Drive/AAR/dataset/train/BadSeed/badtrain497.png,BAD
/content/drive/My Drive/AAR/dataset/train/BadSeed/badtrain498.png,BAD
/content/drive/My Drive/AAR/dataset/train/BadSeed/badtrain499.png,BAD
/content/drive/My Drive/AAR/dataset/train/BadSeed/badtrain500.png,BAD
/content/drive/My Drive/AAR/dataset/train/BadSeed/badtrain501.png,BAD
/content/drive/My Drive/AAR/dataset/train/BadSeed/badtrain502.png,BAD
/content/drive/My Drive/AAR/dataset/train/BadSeed/badtrain503.png,BAD
/content/drive/My Drive/AAR/dataset/train/BadSeed/badtrain504.png,BAD
/content/drive/My Drive/AAR/dataset/train/BadSeed/badtrain505.png,BAD
/content/drive/My Drive/AAR/dataset/train/BadSeed/badtrain506.png,BAD
/content/drive/My Drive/AAR/dataset/train/BadSeed/badtrain507.png,BAD
/content/drive/My Drive/AAR/dataset/train/BadSeed/badtrain508.png,BAD
/content/drive/My Drive/AAR/dataset/train/BadSeed/badtrain509.png,BAD
/content/drive/My Drive/AAR/dataset/train/BadSeed/badtrain510.png,BAD
/content/drive/My Drive/AAR/dataset/train/BadSeed/badtrain511.png,BAD
/content/drive/My Drive/AAR/dataset/train/BadSeed/badtrain512.png,BAD
/content/drive/My Drive/AAR/dataset/train/BadSeed/badtrain513.png,BAD
/content/drive/My Drive/AAR/dataset/train/BadSeed/badtrain514.png,BAD
/content/drive/My Drive/AAR/dataset/train/BadSeed/badtrain515.png,BAD
/content/drive/My Drive/AAR/dataset/train/BadSeed/badtrain516.png,BAD
/content/drive/My Drive/AAR/dataset/train/BadSeed/badtrain517.png,BAD
/content/drive/My Drive/AAR/dataset/train/BadSeed/badtrain518.png,BAD
/content/drive/My Drive/AAR/dataset/train/BadSeed/badtrain519.png,BAD
/content/drive/My Drive/AAR/dataset/train/BadSeed/badtrain520.png,BAD
/content/drive/My Drive/AAR/dataset/train/BadSeed/badtrain521.png,BAD
/content/drive/My Drive/AAR/dataset/train/BadSeed/badtrain522.png,BAD
/content/drive/My Drive/AAR/dataset/train/BadSeed/badtrain523.png,BAD
/content/drive/My Drive/AAR/dataset/train/BadSeed/badtrain524.png,BAD
/content/drive/My Drive/AAR/dataset/train/BadSeed/badtrain525.png,BAD
/content/drive/My Drive/AAR/dataset/train/BadSeed/badtrain526.png,BAD
/content/drive/My Drive/AAR/dataset/train/BadSeed/badtrain527.png,BAD
/content/drive/My Drive/AAR/dataset/train/BadSeed/badtrain528.png,BAD
/content/drive/My Drive/AAR/dataset/train/BadSeed/badtrain529.png,BAD
/content/drive/My Drive/AAR/dataset/train/BadSeed/badtrain530.png,BAD
/content/drive/My Drive/AAR/dataset/train/BadSeed/badtrain531.png,BAD
/content/drive/My Drive/AAR/dataset/train/BadSeed/badtrain532.png,BAD
/content/drive/My Drive/AAR/dataset/train/BadSeed/badtrain533.png,BAD
/content/drive/My Drive/AAR/dataset/train/BadSeed/badtrain534.png,BAD
/content/drive/My Drive/AAR/dataset/train/BadSeed/badtrain535.png,BAD
/content/drive/My Drive/AAR/dataset/train/BadSeed/badtrain536.png,BAD
/content/drive/My Drive/AAR/dataset/train/BadSeed/badtrain537.png,BAD
/content/drive/My Drive/AAR/dataset/train/BadSeed/badtrain538.png,BAD
/content/drive/My Drive/AAR/dataset/train/BadSeed/badtrain539.png,BAD
/content/drive/My Drive/AAR/dataset/train/BadSeed/badtrain540.png,BAD
/content/drive/My Drive/AAR/dataset/train/BadSeed/badtrain541.png,BAD
/content/drive/My Drive/AAR/dataset/train/BadSeed/badtrain542.png,BAD
/content/drive/My Drive/AAR/dataset/train/BadSeed/badtrain543.png,BAD
/content/drive/My Drive/AAR/dataset/train/BadSeed/badtrain544.png,BAD
/content/drive/My Drive/AAR/dataset/train/BadSeed/badtrain545.png,BAD
/content/drive/My Drive/AAR/dataset/train/BadSeed/badtrain546.png,BAD
/content/drive/My Drive/AAR/dataset/train/BadSeed/badtrain547.png,BAD
/content/drive/My Drive/AAR/dataset/train/BadSeed/badtrain548.png,BAD
/content/drive/My Drive/AAR/dataset/train/BadSeed/badtrain549.png,BAD
/content/drive/My Drive/AAR/dataset/train/BadSeed/badtrain550.png,BAD
/content/drive/My Drive/AAR/dataset/train/BadSeed/badtrain551.png,BAD
/content/drive/My Drive/AAR/dataset/train/BadSeed/badtrain552.png,BAD
/content/drive/My Drive/AAR/dataset/train/BadSeed/badtrain553.png,BAD
/content/drive/My Drive/AAR/dataset/train/BadSeed/badtrain554.png,BAD
/content/drive/My Drive/AAR/dataset/train/BadSeed/badtrain555.png,BAD
/content/drive/My Drive/AAR/dataset/train/BadSeed/badtrain556.png,BAD
/content/drive/My Drive/AAR/dataset/train/BadSeed/badtrain557.png,BAD
/content/drive/My Drive/AAR/dataset/train/BadSeed/badtrain558.png,BAD
/content/drive/My Drive/AAR/dataset/train/BadSeed/badtrain559.png,BAD
/content/drive/My Drive/AAR/dataset/train/BadSeed/badtrain560.png,BAD
/content/drive/My Drive/AAR/dataset/train/BadSeed/badtrain561.png,BAD
/content/drive/My Drive/AAR/dataset/train/BadSeed/badtrain562.png,BAD
/content/drive/My Drive/AAR/dataset/train/BadSeed/badtrain563.png,BAD
/content/drive/My Drive/AAR/dataset/train/BadSeed/badtrain564.png,BAD
/content/drive/My Drive/AAR/dataset/train/BadSeed/badtrain565.png,BAD
/content/drive/My Drive/AAR/dataset/train/BadSeed/badtrain566.png,BAD
/content/drive/My Drive/AAR/dataset/train/BadSeed/badtrain567.png,BAD
/content/drive/My Drive/AAR/dataset/train/BadSeed/badtrain568.png,BAD
/content/drive/My Drive/AAR/dataset/train/BadSeed/badtrain569.png,BAD
/content/drive/My Drive/AAR/dataset/train/BadSeed/badtrain570.png,BAD
/content/drive/My Drive/AAR/dataset/train/BadSeed/badtrain571.png,BAD
/content/drive/My Drive/AAR/dataset/train/BadSeed/badtrain572.png,BAD
/content/drive/My Drive/AAR/dataset/train/BadSeed/badtrain573.png,BAD
/content/drive/My Drive/AAR/dataset/train/BadSeed/badtrain574.png,BAD
/content/drive/My Drive/AAR/dataset/train/BadSeed/badtrain575.png,BAD
/content/drive/My Drive/AAR/dataset/train/BadSeed/badtrain576.png,BAD
/content/drive/My Drive/AAR/dataset/train/BadSeed/badtrain577.png,BAD
/content/drive/My Drive/AAR/dataset/train/BadSeed/badtrain578.png,BAD
/content/drive/My Drive/AAR/dataset/train/BadSeed/badtrain579.png,BAD
/content/drive/My Drive/AAR/dataset/train/BadSeed/badtrain580.png,BAD
/content/drive/My Drive/AAR/dataset/train/BadSeed/badtrain581.png,BAD
/content/drive/My Drive/AAR/dataset/train/BadSeed/badtrain582.png,BAD
/content/drive/My Drive/AAR/dataset/train/BadSeed/badtrain583.png,BAD
/content/drive/My Drive/AAR/dataset/train/BadSeed/badtrain584.png,BAD
/content/drive/My Drive/AAR/dataset/train/BadSeed/badtrain585.png,BAD
/content/drive/My Drive/AAR/dataset/train/BadSeed/badtrain586.png,BAD
/content/drive/My Drive/AAR/dataset/train/BadSeed/badtrain587.png,BAD
/content/drive/My Drive/AAR/dataset/train/BadSeed/badtrain588.png,BAD
/content/drive/My Drive/AAR/dataset/train/BadSeed/badtrain589.png,BAD
/content/drive/My Drive/AAR/dataset/train/BadSeed/badtrain590.png,BAD
/content/drive/My Drive/AAR/dataset/train/BadSeed/badtrain591.png,BAD
/content/drive/My Drive/AAR/dataset/train/BadSeed/badtrain592.png,BAD
/content/drive/My Drive/AAR/dataset/train/BadSeed/badtrain593.png,BAD
/content/drive/My Drive/AAR/dataset/train/BadSeed/badtrain594.png,BAD
/content/drive/My Drive/AAR/dataset/train/BadSeed/badtrain595.png,BAD
/content/drive/My Drive/AAR/dataset/train/BadSeed/badtrain596.png,BAD
/content/drive/My Drive/AAR/dataset/train/BadSeed/badtrain597.png,BAD
/content/drive/My Drive/AAR/dataset/train/BadSeed/badtrain598.png,BAD
/content/drive/My Drive/AAR/dataset/train/BadSeed/badtrain599.png,BAD
/content/drive/My Drive/AAR/dataset/train/BadSeed/badtrain600.png,BAD
/content/drive/My Drive/AAR/dataset/train/BadSeed/badtrain601.png,BAD
/content/drive/My Drive/AAR/dataset/train/BadSeed/badtrain602.png,BAD
/content/drive/My Drive/AAR/dataset/train/BadSeed/badtrain603.png,BAD
/content/drive/My Drive/AAR/dataset/train/BadSeed/badtrain604.png,BAD
/content/drive/My Drive/AAR/dataset/train/BadSeed/badtrain605.png,BAD
/content/drive/My Drive/AAR/dataset/train/BadSeed/badtrain606.png,BAD
/content/drive/My Drive/AAR/dataset/train/BadSeed/badtrain607.png,BAD
/content/drive/My Drive/AAR/dataset/train/BadSeed/badtrain608.png,BAD
/content/drive/My Drive/AAR/dataset/train/BadSeed/badtrain609.png,BAD
/content/drive/My Drive/AAR/dataset/train/BadSeed/badtrain610.png,BAD
/content/drive/My Drive/AAR/dataset/train/BadSeed/badtrain611.png,BAD
/content/drive/My Drive/AAR/dataset/train/BadSeed/badtrain612.png,BAD
/content/drive/My Drive/AAR/dataset/train/BadSeed/badtrain613.png,BAD
/content/drive/My Drive/AAR/dataset/train/BadSeed/badtrain614.png,BAD
/content/drive/My Drive/AAR/dataset/train/BadSeed/badtrain615.png,BAD
/content/drive/My Drive/AAR/dataset/train/BadSeed/badtrain616.png,BAD
/content/drive/My Drive/AAR/dataset/train/BadSeed/badtrain617.png,BAD
/content/drive/My Drive/AAR/dataset/train/BadSeed/badtrain618.png,BAD
/content/drive/My Drive/AAR/dataset/train/BadSeed/badtrain619.png,BAD
/content/drive/My Drive/AAR/dataset/train/BadSeed/badtrain620.png,BAD
/content/drive/My Drive/AAR/dataset/train/BadSeed/badtrain621.png,BAD
/content/drive/My Drive/AAR/dataset/train/BadSeed/badtrain622.png,BAD
/content/drive/My Drive/AAR/dataset/train/BadSeed/badtrain623.png,BAD
/content/drive/My Drive/AAR/dataset/train/BadSeed/badtrain624.png,BAD
/content/drive/My Drive/AAR/dataset/train/BadSeed/badtrain625.png,BAD
/content/drive/My Drive/AAR/dataset/train/BadSeed/badtrain626.png,BAD
/content/drive/My Drive/AAR/dataset/train/BadSeed/badtrain627.png,BAD
/content/drive/My Drive/AAR/dataset/train/BadSeed/badtrain628.png,BAD
/content/drive/My Drive/AAR/dataset/train/BadSeed/badtrain629.png,BAD
/content/drive/My Drive/AAR/dataset/train/BadSeed/badtrain630.png,BAD
/content/drive/My Drive/AAR/dataset/train/BadSeed/badtrain631.png,BAD
/content/drive/My Drive/AAR/dataset/train/BadSeed/badtrain632.png,BAD
/content/drive/My Drive/AAR/dataset/train/BadSeed/badtrain633.png,BAD
/content/drive/My Drive/AAR/dataset/train/BadSeed/badtrain634.png,BAD
/content/drive/My Drive/AAR/dataset/train/BadSeed/badtrain635.png,BAD
/content/drive/My Drive/AAR/dataset/train/BadSeed/badtrain636.png,BAD
/content/drive/My Drive/AAR/dataset/train/BadSeed/badtrain637.png,BAD
/content/drive/My Drive/AAR/dataset/train/BadSeed/badtrain638.png,BAD
/content/drive/My Drive/AAR/dataset/train/BadSeed/badtrain639.png,BAD
/content/drive/My Drive/AAR/dataset/train/BadSeed/badtrain640.png,BAD
/content/drive/My Drive/AAR/dataset/train/BadSeed/badtrain641.png,BAD
/content/drive/My Drive/AAR/dataset/train/BadSeed/badtrain642.png,BAD
/content/drive/My Drive/AAR/dataset/train/BadSeed/badtrain643.png,BAD
/content/drive/My Drive/AAR/dataset/train/BadSeed/badtrain644.png,BAD
/content/drive/My Drive/AAR/dataset/train/BadSeed/badtrain645.png,BAD
/content/drive/My Drive/AAR/dataset/train/BadSeed/badtrain646.png,BAD
/content/drive/My Drive/AAR/dataset/train/BadSeed/badtrain647.png,BAD
/content/drive/My Drive/AAR/dataset/train/BadSeed/badtrain648.png,BAD
/content/drive/My Drive/AAR/dataset/train/BadSeed/badtrain649.png,BAD
/content/drive/My Drive/AAR/dataset/train/BadSeed/badtrain650.png,BAD
/content/drive/My Drive/AAR/dataset/train/BadSeed/badtrain651.png,BAD
/content/drive/My Drive/AAR/dataset/train/BadSeed/badtrain652.png,BAD
/content/drive/My Drive/AAR/dataset/train/BadSeed/badtrain653.png,BAD
/content/drive/My Drive/AAR/dataset/train/BadSeed/badtrain654.png,BAD
/content/drive/My Drive/AAR/dataset/train/BadSeed/badtrain655.png,BAD
/content/drive/My Drive/AAR/dataset/train/BadSeed/badtrain656.png,BAD
/content/drive/My Drive/AAR/dataset/train/BadSeed/badtrain657.png,BAD
/content/drive/My Drive/AAR/dataset/train/BadSeed/badtrain658.png,BAD
/content/drive/My Drive/AAR/dataset/train/BadSeed/badtrain659.png,BAD
/content/drive/My Drive/AAR/dataset/train/BadSeed/badtrain660.png,BAD
/content/drive/My Drive/AAR/dataset/train/BadSeed/badtrain661.png,BAD
/content/drive/My Drive/AAR/dataset/train/BadSeed/badtrain662.png,BAD
/content/drive/My Drive/AAR/dataset/train/BadSeed/badtrain663.png,BAD
/content/drive/My Drive/AAR/dataset/train/BadSeed/badtrain664.png,BAD
/content/drive/My Drive/AAR/dataset/train/BadSeed/badtrain665.png,BAD
/content/drive/My Drive/AAR/dataset/train/BadSeed/badtrain666.png,BAD
/content/drive/My Drive/AAR/dataset/train/BadSeed/badtrain667.png,BAD
/content/drive/My Drive/AAR/dataset/train/BadSeed/badtrain668.png,BAD
/content/drive/My Drive/AAR/dataset/train/BadSeed/badtrain669.png,BAD
/content/drive/My Drive/AAR/dataset/train/BadSeed/badtrain670.png,BAD
/content/drive/My Drive/AAR/dataset/train/BadSeed/badtrain671.png,BAD
/content/drive/My Drive/AAR/dataset/train/BadSeed/badtrain672.png,BAD
/content/drive/My Drive/AAR/dataset/train/BadSeed/badtrain673.png,BAD
/content/drive/My Drive/AAR/dataset/train/BadSeed/badtrain674.png,BAD
/content/drive/My Drive/AAR/dataset/train/BadSeed/badtrain675.png,BAD
/content/drive/My Drive/AAR/dataset/train/BadSeed/badtrain676.png,BAD
/content/drive/My Drive/AAR/dataset/train/BadSeed/badtrain677.png,BAD
/content/drive/My Drive/AAR/dataset/train/BadSeed/badtrain678.png,BAD
/content/drive/My Drive/AAR/dataset/train/BadSeed/badtrain679.png,BAD
/content/drive/My Drive/AAR/dataset/train/BadSeed/badtrain680.png,BAD
/content/drive/My Drive/AAR/dataset/train/BadSeed/badtrain681.png,BAD
/content/drive/My Drive/AAR/dataset/train/BadSeed/badtrain682.png,BAD
/content/drive/My Drive/AAR/dataset/train/BadSeed/badtrain683.png,BAD
/content/drive/My Drive/AAR/dataset/train/BadSeed/badtrain684.png,BAD
/content/drive/My Drive/AAR/dataset/train/BadSeed/badtrain685.png,BAD
/content/drive/My Drive/AAR/dataset/train/BadSeed/badtrain686.png,BAD
/content/drive/My Drive/AAR/dataset/train/BadSeed/badtrain687.png,BAD
/content/drive/My Drive/AAR/dataset/train/BadSeed/badtrain688.png,BAD
/content/drive/My Drive/AAR/dataset/train/BadSeed/badtrain689.png,BAD
/content/drive/My Drive/AAR/dataset/train/BadSeed/badtrain690.png,BAD
/content/drive/My Drive/AAR/dataset/train/BadSeed/badtrain691.png,BAD
/content/drive/My Drive/AAR/dataset/train/BadSeed/badtrain692.png,BAD
/content/drive/My Drive/AAR/dataset/train/BadSeed/badtrain693.png,BAD
/content/drive/My Drive/AAR/dataset/train/BadSeed/badtrain694.png,BAD
/content/drive/My Drive/AAR/dataset/train/BadSeed/badtrain695.png,BAD
/content/drive/My Drive/AAR/dataset/train/BadSeed/badtrain696.png,BAD
/content/drive/My Drive/AAR/dataset/train/BadSeed/badtrain697.png,BAD
/content/drive/My Drive/AAR/dataset/train/BadSeed/badtrain698.png,BAD
/content/drive/My Drive/AAR/dataset/train/BadSeed/badtrain699.png,BAD
/content/drive/My Drive/AAR/dataset/train/BadSeed/badtrain700.png,BAD
/content/drive/My Drive/AAR/dataset/train/BadSeed/badtrain701.png,BAD
/content/drive/My Drive/AAR/dataset/train/BadSeed/badtrain702.png,BAD
/content/drive/My Drive/AAR/dataset/train/BadSeed/badtrain703.png,BAD
/content/drive/My Drive/AAR/dataset/train/BadSeed/badtrain704.png,BAD
/content/drive/My Drive/AAR/dataset/train/BadSeed/badtrain705.png,BAD
/content/drive/My Drive/AAR/dataset/train/BadSeed/badtrain706.png,BAD
/content/drive/My Drive/AAR/dataset/train/BadSeed/badtrain707.png,BAD
/content/drive/My Drive/AAR/dataset/train/BadSeed/badtrain708.png,BAD
/content/drive/My Drive/AAR/dataset/train/BadSeed/badtrain709.png,BAD
/content/drive/My Drive/AAR/dataset/train/BadSeed/badtrain710.png,BAD
/content/drive/My Drive/AAR/dataset/train/BadSeed/badtrain711.png,BAD
/content/drive/My Drive/AAR/dataset/train/BadSeed/badtrain712.png,BAD
/content/drive/My Drive/AAR/dataset/train/BadSeed/badtrain713.png,BAD
/content/drive/My Drive/AAR/dataset/train/BadSeed/badtrain714.png,BAD
/content/drive/My Drive/AAR/dataset/train/BadSeed/badtrain715.png,BAD
/content/drive/My Drive/AAR/dataset/train/BadSeed/badtrain716.png,BAD
/content/drive/My Drive/AAR/dataset/train/BadSeed/badtrain717.png,BAD
/content/drive/My Drive/AAR/dataset/train/BadSeed/badtrain718.png,BAD
/content/drive/My Drive/AAR/dataset/train/BadSeed/badtrain719.png,BAD
/content/drive/My Drive/AAR/dataset/train/BadSeed/badtrain720.png,BAD
/content/drive/My Drive/AAR/dataset/train/BadSeed/badtrain721.png,BAD
/content/drive/My Drive/AAR/dataset/train/BadSeed/badtrain722.png,BAD
/content/drive/My Drive/AAR/dataset/train/BadSeed/badtrain723.png,BAD
/content/drive/My Drive/AAR/dataset/train/BadSeed/badtrain724.png,BAD
/content/drive/My Drive/AAR/dataset/train/BadSeed/badtrain725.png,BAD
/content/drive/My Drive/AAR/dataset/train/BadSeed/badtrain726.png,BAD
/content/drive/My Drive/AAR/dataset/train/BadSeed/badtrain727.png,BAD
/content/drive/My Drive/AAR/dataset/train/BadSeed/badtrain728.png,BAD
/content/drive/My Drive/AAR/dataset/train/BadSeed/badtrain729.png,BAD
/content/drive/My Drive/AAR/dataset/train/BadSeed/badtrain730.png,BAD
/content/drive/My Drive/AAR/dataset/train/BadSeed/badtrain731.png,BAD
/content/drive/My Drive/AAR/dataset/train/BadSeed/badtrain732.png,BAD
/content/drive/My Drive/AAR/dataset/train/BadSeed/badtrain733.png,BAD
/content/drive/My Drive/AAR/dataset/train/BadSeed/badtrain734.png,BAD
/content/drive/My Drive/AAR/dataset/train/BadSeed/badtrain735.png,BAD
/content/drive/My Drive/AAR/dataset/train/BadSeed/badtrain736.png,BAD
/content/drive/My Drive/AAR/dataset/train/BadSeed/badtrain737.png,BAD
/content/drive/My Drive/AAR/dataset/train/BadSeed/badtrain738.png,BAD
/content/drive/My Drive/AAR/dataset/train/BadSeed/badtrain739.png,BAD
/content/drive/My Drive/AAR/dataset/train/BadSeed/badtrain740.png,BAD
/content/drive/My Drive/AAR/dataset/train/BadSeed/badtrain741.png,BAD
/content/drive/My Drive/AAR/dataset/train/BadSeed/badtrain742.png,BAD
/content/drive/My Drive/AAR/dataset/train/BadSeed/badtrain743.png,BAD
/content/drive/My Drive/AAR/dataset/train/BadSeed/badtrain744.png,BAD
/content/drive/My Drive/AAR/dataset/train/BadSeed/badtrain745.png,BAD
/content/drive/My Drive/AAR/dataset/train/BadSeed/badtrain746.png,BAD
/content/drive/My Drive/AAR/dataset/train/BadSeed/badtrain747.png,BAD
/content/drive/My Drive/AAR/dataset/train/BadSeed/badtrain748.png,BAD
/content/drive/My Drive/AAR/dataset/train/BadSeed/badtrain749.png,BAD
/content/drive/My Drive/AAR/dataset/train/BadSeed/badtrain750.png,BAD
/content/drive/My Drive/AAR/dataset/train/BadSeed/badtrain751.png,BAD
/content/drive/My Drive/AAR/dataset/train/BadSeed/badtrain752.png,BAD
/content/drive/My Drive/AAR/dataset/train/BadSeed/badtrain753.png,BAD
/content/drive/My Drive/AAR/dataset/train/BadSeed/badtrain754.png,BAD
/content/drive/My Drive/AAR/dataset/train/BadSeed/badtrain755.png,BAD
/content/drive/My Drive/AAR/dataset/train/BadSeed/badtrain756.png,BAD
/content/drive/My Drive/AAR/dataset/train/BadSeed/badtrain757.png,BAD
/content/drive/My Drive/AAR/dataset/train/BadSeed/badtrain758.png,BAD
/content/drive/My Drive/AAR/dataset/train/BadSeed/badtrain759.png,BAD
/content/drive/My Drive/AAR/dataset/train/BadSeed/badtrain760.png,BAD
/content/drive/My Drive/AAR/dataset/train/BadSeed/badtrain761.png,BAD
/content/drive/My Drive/AAR/dataset/train/BadSeed/badtrain762.png,BAD
/content/drive/My Drive/AAR/dataset/train/BadSeed/badtrain763.png,BAD
/content/drive/My Drive/AAR/dataset/train/BadSeed/badtrain764.png,BAD
/content/drive/My Drive/AAR/dataset/train/BadSeed/badtrain765.png,BAD
/content/drive/My Drive/AAR/dataset/train/BadSeed/badtrain766.png,BAD
/content/drive/My Drive/AAR/dataset/train/BadSeed/badtrain767.png,BAD
/content/drive/My Drive/AAR/dataset/train/BadSeed/badtrain768.png,BAD
/content/drive/My Drive/AAR/dataset/train/BadSeed/badtrain769.png,BAD
/content/drive/My Drive/AAR/dataset/train/BadSeed/badtrain770.png,BAD
/content/drive/My Drive/AAR/dataset/train/BadSeed/badtrain771.png,BAD
/content/drive/My Drive/AAR/dataset/train/BadSeed/badtrain772.png,BAD
/content/drive/My Drive/AAR/dataset/train/BadSeed/badtrain773.png,BAD
/content/drive/My Drive/AAR/dataset/train/BadSeed/badtrain774.png,BAD
/content/drive/My Drive/AAR/dataset/train/BadSeed/badtrain775.png,BAD
/content/drive/My Drive/AAR/dataset/train/BadSeed/badtrain776.png,BAD
/content/drive/My Drive/AAR/dataset/train/BadSeed/badtrain777.png,BAD
/content/drive/My Drive/AAR/dataset/train/BadSeed/badtrain778.png,BAD
/content/drive/My Drive/AAR/dataset/train/BadSeed/badtrain779.png,BAD
/content/drive/My Drive/AAR/dataset/train/BadSeed/badtrain780.png,BAD
/content/drive/My Drive/AAR/dataset/train/BadSeed/badtrain781.png,BAD
/content/drive/My Drive/AAR/dataset/train/BadSeed/badtrain782.png,BAD
/content/drive/My Drive/AAR/dataset/train/BadSeed/badtrain783.png,BAD
/content/drive/My Drive/AAR/dataset/train/BadSeed/badtrain784.png,BAD
/content/drive/My Drive/AAR/dataset/train/BadSeed/badtrain785.png,BAD
/content/drive/My Drive/AAR/dataset/train/BadSeed/badtrain786.png,BAD
/content/drive/My Drive/AAR/dataset/train/BadSeed/badtrain787.png,BAD
/content/drive/My Drive/AAR/dataset/train/BadSeed/badtrain788.png,BAD
/content/drive/My Drive/AAR/dataset/train/BadSeed/badtrain789.png,BAD
/content/drive/My Drive/AAR/dataset/train/BadSeed/badtrain790.png,BAD
/content/drive/My Drive/AAR/dataset/train/BadSeed/badtrain791.png,BAD
/content/drive/My Drive/AAR/dataset/train/BadSeed/badtrain792.png,BAD
/content/drive/My Drive/AAR/dataset/train/BadSeed/badtrain793.png,BAD
/content/drive/My Drive/AAR/dataset/train/BadSeed/badtrain794.png,BAD
/content/drive/My Drive/AAR/dataset/train/BadSeed/badtrain795.png,BAD
/content/drive/My Drive/AAR/dataset/train/BadSeed/badtrain796.png,BAD
/content/drive/My Drive/AAR/dataset/train/BadSeed/badtrain797.png,BAD
/content/drive/My Drive/AAR/dataset/train/BadSeed/badtrain798.png,BAD
/content/drive/My Drive/AAR/dataset/train/BadSeed/badtrain799.png,BAD
/content/drive/My Drive/AAR/dataset/train/BadSeed/badtrain800.png,BAD
/content/drive/My Drive/AAR/dataset/train/BadSeed/badtrain801.png,BAD
/content/drive/My Drive/AAR/dataset/train/BadSeed/badtrain802.png,BAD
/content/drive/My Drive/AAR/dataset/train/BadSeed/badtrain803.png,BAD
/content/drive/My Drive/AAR/dataset/train/BadSeed/badtrain804.png,BAD
/content/drive/My Drive/AAR/dataset/train/BadSeed/badtrain805.png,BAD
/content/drive/My Drive/AAR/dataset/train/BadSeed/badtrain806.png,BAD
/content/drive/My Drive/AAR/dataset/train/BadSeed/badtrain807.png,BAD
/content/drive/My Drive/AAR/dataset/train/BadSeed/badtrain808.png,BAD
/content/drive/My Drive/AAR/dataset/train/BadSeed/badtrain809.png,BAD
/content/drive/My Drive/AAR/dataset/train/BadSeed/badtrain810.png,BAD
/content/drive/My Drive/AAR/dataset/train/BadSeed/badtrain811.png,BAD
/content/drive/My Drive/AAR/dataset/train/BadSeed/badtrain812.png,BAD
/content/drive/My Drive/AAR/dataset/train/BadSeed/badtrain813.png,BAD
/content/drive/My Drive/AAR/dataset/train/BadSeed/badtrain814.png,BAD
/content/drive/My Drive/AAR/dataset/train/BadSeed/badtrain815.png,BAD
/content/drive/My Drive/AAR/dataset/train/BadSeed/badtrain816.png,BAD
/content/drive/My Drive/AAR/dataset/train/BadSeed/badtrain817.png,BAD
/content/drive/My Drive/AAR/dataset/train/BadSeed/badtrain818.png,BAD
/content/drive/My Drive/AAR/dataset/train/BadSeed/badtrain819.png,BAD
/content/drive/My Drive/AAR/dataset/train/BadSeed/badtrain820.png,BAD
/content/drive/My Drive/AAR/dataset/train/BadSeed/badtrain821.png,BAD
/content/drive/My Drive/AAR/dataset/train/BadSeed/badtrain822.png,BAD
/content/drive/My Drive/AAR/dataset/train/BadSeed/badtrain823.png,BAD
/content/drive/My Drive/AAR/dataset/train/BadSeed/badtrain824.png,BAD
/content/drive/My Drive/AAR/dataset/train/BadSeed/badtrain825.png,BAD
/content/drive/My Drive/AAR/dataset/train/BadSeed/badtrain826.png,BAD
/content/drive/My Drive/AAR/dataset/train/BadSeed/badtrain827.png,BAD
/content/drive/My Drive/AAR/dataset/train/BadSeed/badtrain828.png,BAD
/content/drive/My Drive/AAR/dataset/train/BadSeed/badtrain829.png,BAD
/content/drive/My Drive/AAR/dataset/train/BadSeed/badtrain830.png,BAD
/content/drive/My Drive/AAR/dataset/train/BadSeed/badtrain831.png,BAD
/content/drive/My Drive/AAR/dataset/train/BadSeed/badtrain832.png,BAD
/content/drive/My Drive/AAR/dataset/train/BadSeed/badtrain833.png,BAD
/content/drive/My Drive/AAR/dataset/train/BadSeed/badtrain834.png,BAD
/content/drive/My Drive/AAR/dataset/train/BadSeed/badtrain835.png,BAD
/content/drive/My Drive/AAR/dataset/train/BadSeed/badtrain836.png,BAD
/content/drive/My Drive/AAR/dataset/train/BadSeed/badtrain837.png,BAD
/content/drive/My Drive/AAR/dataset/train/BadSeed/badtrain838.png,BAD
/content/drive/My Drive/AAR/dataset/train/BadSeed/badtrain839.png,BAD
/content/drive/My Drive/AAR/dataset/train/BadSeed/badtrain840.png,BAD
/content/drive/My Drive/AAR/dataset/train/BadSeed/badtrain841.png,BAD
/content/drive/My Drive/AAR/dataset/train/BadSeed/badtrain842.png,BAD
/content/drive/My Drive/AAR/dataset/train/BadSeed/badtrain843.png,BAD
/content/drive/My Drive/AAR/dataset/train/BadSeed/badtrain844.png,BAD
/content/drive/My Drive/AAR/dataset/train/BadSeed/badtrain845.png,BAD
/content/drive/My Drive/AAR/dataset/train/BadSeed/badtrain846.png,BAD
/content/drive/My Drive/AAR/dataset/train/BadSeed/badtrain847.png,BAD
/content/drive/My Drive/AAR/dataset/train/BadSeed/badtrain848.png,BAD
/content/drive/My Drive/AAR/dataset/train/BadSeed/badtrain849.png,BAD
/content/drive/My Drive/AAR/dataset/train/BadSeed/badtrain850.png,BAD
